"id_municipio";"empregos_agro"
1100015;360
1100023;995
1100031;158
1100049;506
1100056;205
1100064;178
1100072;685
1100080;92
1100098;428
1100106;64
1100114;353
1100122;596
1100130;204
1100148;66
1100155;283
1100189;603
1100205;1150
1100254;199
1100262;288
1100288;347
1100296;283
1100304;1325
1100320;200
1100338;123
1100346;112
1100379;120
1100403;142
1100452;149
1100502;47
1100601;107
1100700;157
1100809;341
1100908;144
1100924;880
1100940;173
1101005;49
1101104;114
1101203;40
1101302;49
1101401;157
1101435;20
1101450;322
1101468;294
1101476;70
1101484;94
1101492;246
1101500;79
1101559;12
1101609;203
1101708;39
1101757;41
1101807;62
1200013;94
1200054;4
1200104;61
1200138;268
1200179;125
1200203;90
1200252;13
1200302;44
1200336;19
1200344;6
1200351;1
1200385;129
1200401;1147
1200427;2
1200450;525
1200500;245
1200609;119
1200708;189
1200807;190
1300029;1
1300144;7
1300300;10
1300706;371
1300904;26
1301001;10
1301100;4
1301209;4
1301506;2
1301654;7
1301704;29
1301803;1
1301852;156
1301902;183
1302405;108
1302504;95
1302603;1155
1302702;41
1302900;16
1303304;3
1303536;888
1303569;170
1303809;1
1304203;1
1304302;4
1400027;95
1400050;101
1400100;483
1400159;372
1400175;72
1400209;72
1400233;28
1400282;24
1400308;127
1400407;42
1400456;16
1400472;197
1400506;10
1400605;13
1500107;246
1500131;95
1500206;1180
1500347;690
1500404;15
1500503;267
1500602;450
1500800;2146
1500859;50
1500909;16
1500958;211
1501006;41
1501204;63
1501253;355
1501303;18
1501402;1026
1501451;545
1501501;387
1501576;286
1501600;45
1501709;80
1501725;36
1501758;160
1501782;387
1501907;54
1501956;14
1502004;38
1502152;266
1502202;233
1502301;578
1502400;643
1502509;153
1502608;1
1502707;273
1502756;1091
1502764;1275
1502772;446
1502905;68
1502939;901
1502954;90
1503044;215
1503077;41
1503093;347
1503200;532
1503309;10
1503408;127
1503457;371
1503507;89
1503606;143
1503705;375
1503754;60
1503804;155
1503903;94
1504059;192
1504109;4
1504208;1130
1504307;63
1504406;33
1504422;3
1504455;81
1504604;3
1504703;3225
1504752;60
1504802;55
1504901;26
1504950;69
1504976;76
1505007;89
1505031;355
1505064;436
1505106;53
1505304;56
1505403;25
1505437;138
1505486;200
1505494;132
1505502;2955
1505536;289
1505551;226
1505601;54
1505635;521
1505650;14
1505700;40
1505809;139
1505908;25
1506005;134
1506104;3
1506138;736
1506161;511
1506187;772
1506195;8
1506203;3
1506302;19
1506351;448
1506401;18
1506500;3789
1506559;59
1506583;977
1506609;50
1506708;1358
1506807;851
1506906;7
1507003;695
1507102;67
1507151;146
1507201;119
1507300;1821
1507409;202
1507458;394
1507466;7
1507474;15
1507508;93
1507607;128
1507755;625
1507805;17
1507904;95
1507953;3334
1507961;51
1507979;104
1508001;1823
1508035;12
1508050;21
1508084;143
1508100;166
1508126;621
1508159;176
1508209;663
1508308;59
1508357;133
1508407;1151
1600105;43
1600154;1
1600204;2
1600212;26
1600238;2
1600253;11
1600279;2
1600303;397
1600402;5
1600535;344
1600600;4
1600709;100
1700251;83
1700301;903
1700350;138
1700400;148
1700707;146
1701002;222
1701051;75
1701101;155
1701309;180
1701903;175
1702000;573
1702109;1268
1702158;219
1702208;215
1702307;338
1702406;160
1702554;65
1702703;16
1702901;35
1703008;469
1703057;276
1703073;66
1703107;77
1703206;153
1703305;51
1703602;85
1703701;333
1703800;15
1703826;50
1703842;448
1703867;221
1703883;82
1703891;15
1703909;358
1704105;55
1704600;30
1705102;78
1705508;234
1705557;11
1705607;37
1706001;116
1706100;205
1706258;47
1706506;381
1707009;434
1707108;205
1707207;203
1707306;306
1707405;15
1707553;48
1707652;212
1707702;104
1708205;865
1708254;83
1708304;78
1709005;196
1709302;207
1709500;381
1709807;54
1710508;62
1710706;69
1710904;75
1711100;189
1711506;63
1711803;18
1711902;800
1711951;22
1712009;18
1712157;7
1712405;16
1712454;50
1712504;364
1712702;199
1712801;35
1713205;205
1713304;216
1713601;185
1713700;75
1713809;51
1713957;151
1714203;134
1714302;36
1714880;90
1715002;33
1715101;87
1715150;12
1715259;25
1715507;9
1715705;116
1715754;128
1716109;276
1716208;116
1716307;81
1716505;199
1716604;418
1716653;76
1716703;78
1717008;39
1717206;294
1717503;404
1717800;23
1717909;74
1718006;40
1718204;984
1718303;12
1718402;44
1718451;40
1718501;54
1718550;30
1718659;64
1718709;39
1718758;61
1718808;5
1718840;179
1718865;315
1718881;36
1718899;177
1718907;162
1719004;24
1720002;24
1720101;187
1720150;3
1720200;122
1720259;31
1720309;11
1720499;100
1720655;122
1720804;50
1720853;102
1720903;102
1720937;23
1720978;212
1721000;267
1721109;61
1721208;118
1721257;28
1721307;17
1722081;157
1722107;244
2100055;2918
2100105;23
2100154;13
2100303;3
2100402;64
2100436;7
2100477;8
2100501;404
2100550;2
2100600;103
2100709;3
2100808;118
2100873;1
2100907;36
2100956;46
2101004;11
2101103;16
2101202;315
2101251;12
2101400;2828
2101509;4
2101608;226
2101772;105
2101806;9
2101905;3
2101939;2
2102002;189
2102036;312
2102077;31
2102101;101
2102200;66
2102309;33
2102325;244
2102358;49
2102408;3
2102556;352
2102606;2
2102705;6
2102754;132
2102804;469
2102903;95
2103000;268
2103125;1
2103158;2
2103174;24
2103208;94
2103257;161
2103307;293
2103406;77
2103505;43
2103554;21
2103604;57
2103752;42
2103802;7
2104008;1
2104057;337
2104073;3
2104099;12
2104107;92
2104206;2
2104503;31
2104552;130
2104602;9
2104628;4
2104651;32
2104677;8
2104800;1128
2105153;63
2105203;7
2105302;590
2105351;4
2105401;35
2105427;740
2105450;1
2105500;122
2105708;66
2105807;14
2105906;28
2105922;19
2105948;8
2105989;57
2106003;9
2106102;594
2106300;95
2106326;54
2106359;2
2106409;52
2106508;36
2106607;21
2106631;16
2106672;4
2106706;29
2106755;61
2106904;35
2107001;32
2107258;32
2107308;58
2107357;42
2107407;95
2107506;505
2107605;1
2107704;4
2107803;247
2107902;72
2108009;5
2108108;6
2108207;36
2108256;5
2108306;7
2108405;7
2108454;29
2108504;240
2108603;19
2108702;3
2108900;8
2109007;197
2109106;42
2109239;2
2109304;1
2109403;11
2109452;33
2109502;377
2109551;124
2109601;4
2109700;338
2109759;4
2109908;184
2110005;389
2110039;10
2110104;24
2110203;32
2110302;7
2110401;5
2110609;2
2110658;90
2110708;6
2110807;4
2110856;109
2110906;1
2111029;9
2111052;49
2111078;10
2111102;49
2111201;51
2111250;7
2111300;155
2111409;68
2111508;30
2111532;26
2111573;5
2111607;491
2111722;4
2111748;3
2111763;101
2111805;72
2111904;50
2111953;3
2112001;1034
2112100;6
2112209;30
2112233;6
2112274;5
2112308;87
2112407;4
2112456;24
2112605;199
2112704;83
2112803;32
2112852;459
2112902;10
2113009;163
2114007;39
2200053;1
2200103;2
2200202;4
2200301;3
2200400;27
2200459;20
2200608;8
2200806;116
2200905;37
2201101;2
2201150;1425
2201200;17
2201309;104
2201507;15
2201606;5
2201770;5
2201903;438
2201960;12
2202000;66
2202059;1
2202083;186
2202208;48
2202251;7
2202307;200
2202406;1
2202604;18
2202711;19
2202752;2
2202802;1
2202901;90
2203008;8
2203107;5
2203206;11
2203230;288
2203305;10
2203503;145
2203602;3
2203701;35
2203859;1
2203909;73
2204006;4
2204105;2
2204402;116
2204501;192
2204600;1
2204659;10
2204709;5
2205003;2
2205102;19
2205250;1
2205300;71
2205409;6
2205508;48
2205516;1
2205540;1
2205557;5
2205581;33
2205599;1
2205607;8
2205706;120
2205904;19
2206001;34
2206050;1
2206209;51
2206308;19
2206407;104
2206605;257
2206696;3
2206720;17
2206753;8
2206902;1
2207009;15
2207405;65
2207504;19
2207603;99
2207702;463
2207801;1
2207850;29
2207900;1
2208007;26
2208106;1
2208205;21
2208304;72
2208403;12
2208502;5
2208551;3
2208601;1
2208700;11
2208809;127
2208858;59
2208908;325
2209104;1
2209153;1
2209203;290
2209302;28
2209377;13
2209708;1
2209757;21
2209807;30
2209906;3
2209955;1
2210003;5
2210383;4
2210508;13
2210607;1
2210623;3
2210631;427
2210805;1
2210938;1
2210979;3
2211001;583
2211100;83
2211209;1234
2211308;181
2300101;1
2300150;12
2300200;260
2300309;31
2300705;46
2300754;109
2300903;1
2301000;1008
2301109;1350
2301208;29
2301406;2
2301604;2
2301703;1
2301802;1
2301851;3
2301901;248
2301950;23
2302057;58
2302107;13
2302206;1262
2302305;31
2302503;65
2302602;383
2302800;3
2303006;48
2303303;4
2303402;25
2303501;734
2303709;196
2303808;6
2303907;26
2303931;1
2303956;15
2304202;145
2304251;25
2304285;84
2304350;9
2304400;1669
2304459;50
2304657;2
2304707;58
2304905;1
2304954;366
2305001;51
2305100;26
2305209;1
2305233;650
2305266;66
2305308;49
2305332;1
2305357;1638
2305407;13
2305506;237
2305704;2
2305803;1
2305902;1
2306009;5
2306108;23
2306207;44
2306256;36
2306306;6
2306405;56
2306504;3
2306553;263
2306801;13
2306900;120
2307007;441
2307205;3
2307304;17
2307502;2
2307601;1401
2307635;81
2307650;75
2307700;760
2307809;79
2307908;1
2308005;29
2308104;37
2308203;2
2308401;629
2308500;1
2308708;193
2309003;4
2309102;29
2309201;1
2309458;20
2309508;13
2309607;448
2309706;35
2309805;22
2310100;22
2310209;384
2310258;477
2310605;1
2310704;156
2310803;4
2310852;66
2311108;6
2311207;4
2311231;2
2311306;405
2311355;10
2311405;198
2311504;834
2311603;58
2311702;1
2311801;527
2312007;12
2312106;21
2312205;5
2312304;352
2312403;101
2312502;31
2312601;35
2312700;1
2312908;15
2313104;64
2313302;19
2313401;368
2313500;154
2313559;2
2313609;588
2313708;3
2313757;153
2313807;5
2313906;7
2314102;7
2400109;30
2400208;395
2400307;230
2400505;3
2400703;110
2400802;5
2401008;1481
2401107;12
2401206;178
2401305;4
2401404;170
2401453;1732
2401602;3
2401651;6
2401701;5
2401800;32
2401859;105
2401909;3
2402006;41
2402204;1296
2402303;157
2402501;104
2402600;457
2402709;1
2403004;1
2403103;22
2403251;226
2403509;5
2403608;77
2403707;6
2403756;10
2403806;1
2403905;4
2404101;118
2404200;501
2404309;476
2404408;28
2404507;85
2404606;45
2404705;763
2404804;2
2404853;1
2405108;569
2405207;1
2405306;2
2405504;1
2405603;1
2405702;5
2405801;10
2406106;18
2406155;1
2406205;3
2406304;1
2406403;6
2406502;8
2406601;45
2406700;19
2407104;275
2407203;344
2407252;2
2407302;14
2407401;2
2407500;60
2407708;1
2407807;91
2408003;4037
2408102;889
2408201;268
2408300;21
2408706;2
2408805;4
2408904;8
2408953;132
2409100;3
2409209;1
2409332;20
2409407;1
2409506;56
2409704;15
2409803;34
2409902;411
2410108;35
2410207;1
2410256;68
2410306;14
2410405;105
2411056;10
2411205;50
2411403;8
2411429;3
2411502;24
2411601;87
2411700;3
2411809;3
2412005;170
2412203;312
2412500;11
2412559;17
2412609;18
2412708;33
2412807;5
2412906;1
2413003;1
2413102;3
2413201;35
2413300;1
2413359;2
2413409;11
2413508;9
2413706;3
2413904;79
2414001;14
2414100;2
2414159;1
2414209;45
2414308;7
2414407;431
2414456;2
2414605;514
2414704;6
2414803;53
2415008;44
2500304;51
2500403;399
2500502;34
2500577;1
2500601;348
2500700;14
2500734;1
2500775;17
2500809;21
2501005;8
2501104;179
2501500;21
2501575;2
2501609;1
2501708;3
2501807;6
2501906;15
2502102;6
2502151;65
2502409;1
2502508;5
2502706;6
2502805;1
2503001;120
2503100;4
2503209;7
2503308;4
2503506;1
2503605;5
2503704;22
2503803;10
2503902;2
2504009;220
2504033;25
2504074;1
2504157;2
2504207;1
2504306;4
2504355;10
2504504;8
2504603;183
2504850;11
2504900;273
2505105;33
2505204;25
2505238;134
2505279;28
2505303;1
2505402;1
2505600;2
2505709;1
2505808;5
2506004;10
2506103;6
2506301;671
2506400;76
2506707;1
2506806;41
2506905;57
2507002;4
2507101;246
2507200;24
2507309;24
2507408;1
2507507;520
2507606;2
2507705;1
2507903;407
2508208;5
2508307;48
2508554;3
2508604;26
2508802;1
2508901;1041
2509057;19
2509107;30
2509206;12
2509305;474
2509339;1
2509404;43
2509503;157
2509701;10
2509800;63
2509909;2
2510105;2
2510600;2
2510808;50
2510907;4
2511202;1267
2511301;5
2511400;3
2511509;1029
2511608;2
2511707;2
2511806;12
2511905;20
2512002;44
2512077;2
2512101;8
2512200;3
2512309;257
2512408;43
2512507;48
2512606;2
2512705;1
2512754;1
2512762;10
2512804;1
2512903;2002
2513109;24
2513307;9
2513406;8
2513653;1
2513703;2718
2513802;159
2513901;2
2513968;2
2514008;14
2514404;1
2514453;17
2514909;3
2515005;80
2515104;3
2515302;352
2515500;11
2515906;9
2515930;164
2515971;10
2516003;5
2516102;13
2516201;37
2516300;29
2516409;5
2516508;7
2516607;5
2516706;4
2517100;1
2600054;29
2600104;3
2600203;13
2600302;254
2600401;491
2600500;1
2600609;1
2600708;2218
2600807;34
2600906;272
2601003;78
2601052;446
2601102;52
2601201;22
2601300;814
2601409;509
2601508;10
2601607;749
2601706;199
2601805;3
2601904;293
2602001;10
2602100;57
2602209;86
2602308;273
2602407;91
2602605;8
2602704;52
2602803;61
2602902;595
2603009;48
2603108;29
2603207;13
2603306;2
2603454;168
2603504;46
2603603;1
2603702;90
2603801;2
2603926;1
2604007;251
2604106;327
2604205;29
2604403;14
2604502;64
2604601;228
2604700;122
2604809;133
2604908;1
2605103;7
2605152;1
2605202;595
2605301;1
2605400;65
2605459;9
2605509;165
2605707;7
2605806;6
2605905;303
2606002;271
2606101;67
2606200;580
2606408;265
2606507;1
2606606;13
2606804;223
2606903;1
2607000;333
2607208;723
2607406;14
2607604;8
2607653;858
2607703;36
2607752;66
2607802;75
2607901;280
2607950;67
2608008;6
2608057;73
2608107;12
2608206;93
2608255;26
2608305;1
2608404;19
2608453;158
2608503;22
2608701;22
2608750;1319
2608800;170
2608909;236
2609006;217
2609105;462
2609204;55
2609402;1366
2609501;286
2609600;46
2609709;333
2609808;17
2609907;5
2610004;142
2610202;1
2610301;1
2610400;5
2610509;52
2610608;1060
2610707;142
2610806;24
2610905;135
2611002;233
2611101;18951
2611200;12
2611309;199
2611408;67
2611507;24
2611606;2204
2611705;221
2611804;838
2611903;267
2612000;53
2612109;7
2612208;19
2612406;39
2612471;31
2612505;6
2612554;3
2612604;199
2612802;1
2612901;12
2613008;2328
2613107;43
2613206;15
2613305;20
2613404;17
2613503;10
2613602;224
2613701;37
2613800;387
2613909;21
2614006;14
2614105;18
2614204;236
2614501;16
2614600;7
2614709;84
2614808;17
2614857;194
2615003;11
2615300;379
2615508;277
2615607;1
2615706;14
2615904;1
2616001;5
2616100;2
2616183;1
2616209;9
2616308;563
2616407;290
2616506;373
2700102;1
2700201;29
2700300;583
2700409;316
2700508;125
2700607;31
2700706;15
2700805;2
2701001;43
2701100;19
2701209;9
2701308;30
2701357;36
2701407;134
2701506;2
2701605;2
2701704;159
2701803;2
2701902;42
2702009;1
2702108;253
2702207;6
2702306;611
2702355;2
2702405;18
2702504;8
2702603;54
2702702;5
2702801;163
2702900;21
2703007;70
2703106;2
2703205;40
2703403;6
2703502;172
2703601;8
2703700;3
2703759;87
2703809;61
2703908;30
2704005;384
2704104;2
2704203;120
2704302;501
2704401;19
2704500;129
2704609;2
2704708;101
2704807;35
2704906;5
2705101;320
2705200;24
2705408;21
2705507;423
2705606;83
2705705;39
2706109;2
2706307;10
2706406;2
2706448;27
2706505;24
2706604;13
2706703;78
2706802;8
2706901;238
2707008;24
2707107;85
2707305;197
2707404;125
2707503;9
2707602;28
2707701;169
2707909;15
2708006;3
2708105;53
2708204;25
2708303;29
2708501;55
2708600;1553
2708709;19
2708808;118
2708907;11
2708956;1
2709004;19
2709103;9
2709152;110
2709202;1
2709301;266
2709400;604
2800100;2
2800209;78
2800308;606
2800407;151
2800506;247
2800605;29
2800670;187
2800704;34
2801009;71
2801108;15
2801207;48
2801306;2619
2801405;107
2801504;62
2801603;17
2801702;247
2801900;26
2802007;46
2802106;289
2802205;27
2802304;111
2802403;6
2802502;10
2802601;23
2802809;81
2802908;219
2803005;85
2803104;18
2803203;295
2803302;103
2803401;554
2803500;478
2803609;359
2803708;18
2803807;5
2803906;5
2804003;96
2804102;6
2804201;17
2804300;26
2804409;540
2804458;23
2804508;161
2804607;92
2804706;9
2804805;66
2804904;52
2805000;9
2805109;14
2805208;30
2805307;14
2805406;10
2805505;14
2805604;28
2805703;62
2805802;119
2805901;110
2806008;52
2806107;25
2806206;119
2806305;98
2806404;27
2806503;39
2806602;61
2806701;460
2806800;15
2806909;23
2807006;27
2807105;141
2807204;28
2807303;28
2807402;23
2807501;99
2807600;234
2900108;5
2900207;256
2900306;46
2900355;5
2900405;9
2900504;27
2900603;58
2900702;2765
2900801;287
2900900;74
2901007;109
2901106;63
2901155;14
2901205;66
2901304;46
2901353;12
2901403;68
2901502;11
2901601;2
2901700;90
2901809;2
2901908;38
2901957;7
2902005;19
2902054;43
2902104;12
2902203;16
2902252;228
2902302;50
2902401;227
2902500;190
2902609;50
2902708;48
2902807;102
2902906;701
2903102;112
2903201;3568
2903276;1
2903300;116
2903409;323
2903508;21
2903607;81
2903706;30
2903805;80
2903904;698
2904050;186
2904100;2
2904209;1
2904308;23
2904407;75
2904605;87
2904704;143
2904753;1
2904803;140
2904852;54
2904902;63
2905008;16
2905107;8
2905156;21
2905206;65
2905404;78
2905503;5
2905602;212
2905701;146
2905800;141
2906006;12
2906105;3
2906204;3
2906303;359
2906402;21
2906501;35
2906600;20
2906709;84
2906808;18
2906824;7
2906857;7
2906873;3
2906899;91
2906907;637
2907004;12
2907103;135
2907202;5137
2907301;141
2907400;9
2907509;98
2907608;5
2907806;11
2907905;11
2908002;104
2908101;1180
2908200;1001
2908309;66
2908408;43
2908507;118
2908606;45
2908705;13
2908804;7
2908903;64
2909000;3
2909109;66
2909208;7
2909307;2014
2909406;173
2909505;8
2909604;83
2909703;16
2909802;157
2909901;284
2910008;89
2910057;10
2910107;50
2910206;10
2910305;17
2910404;342
2910503;673
2910602;243
2910701;16
2910727;3388
2910750;2
2910776;17
2910800;695
2910859;6
2910909;73
2911006;117
2911105;1886
2911204;285
2911402;179
2911501;164
2911600;1107
2911659;1
2911709;169
2911808;442
2911857;2
2911907;195
2912004;2
2912103;117
2912202;923
2912301;295
2912400;132
2912608;31
2912707;175
2912806;379
2912905;267
2913101;5
2913200;16
2913309;7
2913408;21
2913457;513
2913507;110
2913606;1424
2913705;592
2913804;15
2913903;148
2914000;150
2914208;5
2914307;46
2914406;26
2914505;57
2914604;40
2914653;858
2914703;301
2914802;877
2914901;421
2915007;84
2915106;48
2915205;490
2915304;217
2915353;12
2915403;169
2915502;210
2915601;2155
2915700;23
2915809;454
2915908;58
2916005;118
2916104;2
2916203;282
2916302;212
2916401;580
2916500;37
2916609;173
2916708;57
2916807;378
2916856;20
2916906;31
2917003;23
2917102;153
2917201;10
2917300;274
2917334;72
2917359;1745
2917409;1
2917508;120
2917607;81
2917706;40
2917805;173
2917904;171
2918001;385
2918100;28
2918209;15
2918308;68
2918357;49
2918407;6380
2918456;198
2918506;6
2918555;84
2918605;6
2918704;61
2918753;31
2918803;70
2918902;200
2919009;13
2919058;10
2919108;3
2919157;71
2919207;81
2919306;44
2919405;11
2919504;261
2919553;2591
2919603;23
2919702;326
2919801;14
2920007;106
2920106;55
2920205;340
2920304;6
2920403;96
2920452;8
2920502;116
2920601;14
2920700;232
2920809;82
2920908;99
2921005;230
2921054;5
2921104;313
2921203;46
2921302;27
2921401;40
2921450;7
2921500;15
2921708;62
2921807;2
2921906;1528
2922003;1452
2922102;87
2922201;23
2922250;74
2922300;218
2922409;12
2922508;55
2922607;40
2922656;1
2922706;174
2922730;9
2922755;69
2922805;26
2922854;7
2922904;27
2923001;1515
2923100;8
2923209;2
2923308;13
2923357;3
2923407;89
2923506;5
2923605;4
2923704;1
2923803;11
2923902;36
2924009;64
2924058;28
2924108;9
2924207;16
2924306;14
2924405;3
2924504;4
2924603;14
2924652;15
2924678;47
2924702;1
2924801;46
2924900;26
2925006;122
2925105;102
2925204;103
2925253;12
2925303;1636
2925402;192
2925501;1126
2925600;10
2925709;2
2925758;71
2925808;47
2925907;8
2925931;2
2925956;39
2926004;22
2926103;14
2926202;1430
2926301;48
2926400;45
2926509;791
2926608;42
2926657;202
2926707;33
2926806;7
2926905;12
2927002;210
2927101;99
2927200;94
2927309;55
2927408;861
2927507;12
2927606;2
2927705;417
2927804;94
2927903;17
2928000;37
2928059;104
2928109;318
2928208;94
2928307;15
2928406;105
2928505;41
2928604;155
2928703;222
2928802;19
2928901;4034
2928950;1
2929008;17
2929057;650
2929107;24
2929206;37
2929255;7
2929305;116
2929354;21
2929370;5
2929404;19
2929503;149
2929602;111
2929701;459
2929800;13
2929909;26
2930006;33
2930105;57
2930154;425
2930204;321
2930303;40
2930402;45
2930501;46
2930600;4
2930709;36
2930758;149
2930774;100
2930907;9
2931004;68
2931103;39
2931202;44
2931301;22
2931350;2200
2931400;70
2931509;4
2931608;25
2931707;69
2931806;32
2931905;36
2932002;5
2932101;66
2932200;70
2932309;57
2932408;3
2932507;630
2932606;35
2932705;417
2932804;53
2932903;952
2933000;13
2933059;13
2933158;3
2933174;17
2933208;19
2933257;162
2933307;1371
2933406;54
2933455;71
2933505;111
2933604;17
3100104;187
3100203;546
3100302;168
3100401;44
3100500;85
3100609;164
3100708;222
3100807;115
3100906;154
3101003;247
3101102;312
3101201;289
3101300;38
3101409;66
3101508;225
3101607;1780
3101631;223
3101706;279
3101805;111
3101904;298
3102001;174
3102050;35
3102100;76
3102209;3
3102308;202
3102407;78
3102506;74
3102605;2030
3102704;14
3102803;326
3102852;251
3102902;412
3103009;236
3103108;18
3103207;55
3103306;18
3103405;284
3103504;1908
3103603;3
3103702;72
3103751;884
3103801;30
3103900;113
3104007;796
3104106;397
3104205;195
3104304;317
3104403;75
3104452;25
3104502;379
3104601;130
3104700;221
3104809;108
3104908;396
3105004;136
3105103;559
3105202;35
3105301;21
3105400;37
3105509;139
3105608;773
3105707;97
3105905;23
3106002;24
3106101;173
3106200;807
3106309;1685
3106408;90
3106507;7
3106606;50
3106655;68
3106705;153
3106804;32
3106903;111
3107000;64
3107109;1555
3107208;66
3107307;909
3107406;1033
3107505;122
3107604;135
3107703;255
3107802;116
3107901;190
3108008;617
3108107;35
3108206;432
3108255;50
3108305;85
3108404;750
3108503;19
3108552;285
3108602;57
3108701;5
3108800;32
3108909;195
3109006;194
3109105;93
3109204;73
3109253;51
3109303;1294
3109402;1373
3109451;388
3109501;603
3109600;24
3109709;194
3109808;278
3109907;142
3110004;151
3110103;22
3110202;81
3110301;166
3110400;26
3110509;155
3110608;117
3110707;480
3110806;85
3110905;597
3111002;464
3111101;632
3111150;8
3111200;377
3111309;416
3111408;847
3111507;791
3111606;1069
3111705;57
3111804;339
3111903;75
3112000;236
3112059;41
3112109;17
3112208;29
3112307;559
3112406;361
3112505;148
3112604;371
3112653;33
3112703;344
3112802;137
3112901;70
3113008;65
3113107;36
3113206;750
3113305;159
3113404;535
3113503;207
3113602;169
3113701;931
3113800;14
3113909;1416
3114006;307
3114105;1033
3114204;491
3114303;1273
3114402;1039
3114501;306
3114550;447
3114600;176
3114709;20
3114808;51
3114907;63
3115003;200
3115102;600
3115201;38
3115300;309
3115359;21
3115409;28
3115458;35
3115474;2
3115508;123
3115607;15
3115706;10
3115805;159
3115904;81
3116001;14
3116100;3
3116159;200
3116209;77
3116308;6
3116407;68
3116506;106
3116605;299
3116704;217
3116803;36
3116902;2878
3117009;8
3117108;189
3117207;38
3117306;750
3117405;4
3117504;147
3117603;196
3117702;793
3117801;47
3117836;2
3117876;14
3117900;30
3118007;41
3118106;8
3118205;175
3118304;215
3118403;171
3118502;20
3118601;248
3118700;529
3118809;154
3118908;189
3119005;152
3119104;472
3119203;62
3119302;1648
3119401;32
3119500;15
3119609;55
3119708;162
3119807;111
3119906;12
3119955;86
3120003;40
3120102;71
3120151;137
3120201;492
3120300;100
3120409;75
3120508;250
3120607;37
3120706;219
3120805;299
3120839;27
3120870;129
3120904;2442
3121001;156
3121100;165
3121209;1104
3121258;155
3121308;85
3121407;18
3121506;48
3121605;262
3121704;14
3121803;60
3121902;32
3122009;37
3122108;36
3122207;30
3122306;673
3122355;6
3122405;160
3122454;28
3122470;68
3122504;22
3122603;29
3122702;103
3122801;97
3122900;103
3123007;21
3123106;59
3123205;264
3123304;75
3123403;31
3123502;38
3123528;21
3123601;878
3123700;120
3123809;162
3123858;21
3123908;249
3124005;127
3124104;701
3124203;115
3124302;24
3124401;86
3124500;130
3124609;34
3124708;125
3124807;564
3124906;117
3125002;26
3125101;40
3125200;72
3125309;177
3125408;36
3125507;34
3125606;60
3125705;869
3125804;149
3125903;247
3125952;86
3126000;355
3126109;815
3126208;279
3126307;113
3126406;113
3126505;3
3126604;175
3126703;434
3126752;40
3126802;147
3126901;178
3126950;5
3127008;33
3127057;30
3127073;3
3127107;1507
3127206;230
3127305;153
3127339;18
3127354;27
3127370;10
3127388;78
3127404;123
3127503;14
3127602;89
3127701;1009
3127800;310
3127909;20
3128006;1062
3128105;382
3128204;116
3128253;51
3128303;570
3128402;217
3128501;65
3128600;624
3128709;981
3128808;35
3128907;290
3129004;37
3129103;326
3129202;250
3129301;115
3129400;150
3129509;1657
3129608;73
3129657;1
3129707;716
3129806;27
3129905;28
3130002;80
3130051;6
3130101;90
3130200;415
3130309;159
3130408;84
3130507;397
3130556;101
3130606;65
3130655;41
3130705;561
3130804;214
3130903;109
3131000;273
3131109;316
3131158;254
3131208;76
3131307;92
3131406;462
3131505;240
3131604;275
3131703;811
3131802;11
3131901;145
3132008;332
3132107;398
3132206;89
3132305;23
3132404;213
3132503;1039
3132602;36
3132701;334
3132800;20
3132909;346
3133006;145
3133105;1316
3133204;51
3133303;48
3133402;472
3133501;298
3133600;279
3133709;68
3133758;53
3133808;499
3133907;42
3134004;52
3134103;16
3134202;972
3134301;80
3134400;797
3134509;173
3134608;149
3134707;128
3134806;214
3134905;505
3135001;52
3135050;3672
3135076;77
3135100;1012
3135209;221
3135308;30
3135357;12
3135407;19
3135506;585
3135605;279
3135704;371
3135803;380
3135902;278
3136009;211
3136108;6
3136207;30
3136306;3068
3136405;91
3136504;144
3136520;6
3136553;20
3136579;326
3136603;104
3136652;72
3136702;1132
3136801;115
3136900;104
3136959;22
3137007;40
3137106;172
3137205;261
3137304;39
3137403;320
3137502;589
3137536;426
3137601;100
3137700;113
3137809;89
3137908;8
3138005;43
3138104;1267
3138203;979
3138302;122
3138351;11
3138401;663
3138500;151
3138609;345
3138625;228
3138658;6
3138674;13
3138682;10
3138708;216
3138807;517
3138906;74
3139003;1296
3139102;250
3139201;59
3139300;222
3139409;428
3139508;97
3139607;100
3139706;174
3139805;239
3139904;142
3140001;283
3140100;132
3140159;152
3140209;56
3140308;89
3140407;23
3140506;1036
3140530;39
3140555;13
3140605;77
3140704;406
3140803;115
3140852;788
3140902;158
3141009;7
3141108;239
3141207;93
3141306;318
3141405;76
3141504;22
3141603;101
3141702;22
3141801;221
3141900;166
3142007;39
3142106;122
3142205;87
3142254;4
3142304;43
3142403;130
3142502;76
3142601;246
3142700;83
3142809;1087
3142908;35
3143005;557
3143104;1637
3143153;10
3143203;1049
3143302;2161
3143401;193
3143450;154
3143500;871
3143609;154
3143708;21
3143807;399
3143906;655
3144003;169
3144102;349
3144201;7
3144300;478
3144359;51
3144375;177
3144409;70
3144508;223
3144607;1229
3144656;230
3144672;17
3144706;1443
3144805;227
3144904;101
3145000;880
3145059;710
3145109;161
3145208;215
3145307;100
3145356;49
3145372;2
3145406;26
3145455;529
3145505;109
3145604;1401
3145703;42
3145802;167
3145851;176
3145877;3
3145901;49
3146008;454
3146107;163
3146206;31
3146255;2
3146305;38
3146404;72
3146503;115
3146552;24
3146602;13
3146701;92
3146750;24
3146909;355
3147006;4251
3147105;2536
3147204;480
3147303;200
3147402;727
3147501;20
3147600;411
3147709;231
3147808;28
3147907;990
3147956;14
3148004;4204
3148103;3877
3148202;54
3148301;252
3148400;32
3148509;145
3148608;172
3148707;179
3148756;8
3148806;28
3148905;66
3149002;6
3149101;336
3149150;115
3149200;211
3149309;377
3149408;18
3149507;92
3149606;189
3149705;125
3149804;2066
3149903;301
3149952;63
3150000;49
3150109;105
3150158;105
3150208;235
3150307;175
3150406;41
3150505;472
3150539;16
3150570;22
3150604;164
3150703;546
3150802;237
3150901;68
3151008;111
3151107;49
3151206;1388
3151305;141
3151404;706
3151503;1199
3151602;191
3151701;148
3151800;882
3151909;44
3152006;975
3152105;676
3152131;37
3152170;43
3152204;119
3152303;56
3152402;100
3152501;615
3152600;330
3152709;61
3152808;2330
3152907;95
3153004;179
3153103;61
3153202;103
3153301;17
3153400;1235
3153509;23
3153608;61
3153707;95
3153806;67
3154002;325
3154101;92
3154150;70
3154200;130
3154309;133
3154408;137
3154457;245
3154507;133
3154606;49
3154705;28
3154804;16
3154903;427
3155009;29
3155108;46
3155207;11
3155306;48
3155405;154
3155504;3831
3155603;208
3155702;174
3155801;170
3155900;90
3156007;41
3156106;174
3156205;53
3156304;20
3156403;525
3156452;18
3156502;65
3156601;151
3156700;85
3156809;204
3156908;1306
3157005;133
3157104;145
3157203;257
3157252;31
3157278;90
3157302;35
3157377;4
3157401;174
3157500;10
3157609;121
3157658;6
3157708;852
3157807;81
3157906;52
3158003;235
3158102;19
3158201;57
3158300;639
3158409;31
3158508;90
3158607;109
3158706;33
3158805;29
3158904;105
3158953;55
3159001;17
3159100;69
3159209;119
3159308;88
3159357;102
3159407;115
3159506;54
3159605;687
3159704;86
3159803;764
3159902;883
3160009;66
3160108;99
3160207;61
3160306;20
3160405;498
3160454;14
3160504;4
3160603;146
3160702;203
3160801;114
3160900;19
3160959;58
3161007;206
3161056;19
3161106;305
3161205;216
3161304;225
3161403;82
3161502;77
3161601;12
3161650;34
3161700;376
3161809;154
3161908;132
3162005;881
3162104;2274
3162203;446
3162252;58
3162302;38
3162401;453
3162450;2
3162500;450
3162559;85
3162575;26
3162609;29
3162658;6
3162708;524
3162807;108
3162906;177
3162922;43
3162948;453
3162955;210
3163003;15
3163102;333
3163201;30
3163300;33
3163409;85
3163508;4
3163706;50
3163805;30
3163904;111
3164001;160
3164100;27
3164209;246
3164308;296
3164407;216
3164431;5
3164472;61
3164506;6
3164605;470
3164704;1725
3164803;8
3164902;36
3165008;168
3165107;502
3165206;103
3165305;468
3165404;195
3165503;21
3165537;103
3165552;23
3165560;8
3165578;376
3165602;73
3165701;49
3165800;8
3165909;22
3166006;69
3166105;59
3166204;12
3166303;3
3166402;14
3166501;21
3166600;63
3166709;125
3166808;1360
3166907;329
3166956;21
3167004;115
3167103;299
3167202;693
3167301;54
3167400;301
3167509;85
3167608;29
3167707;29
3167806;134
3167905;62
3168002;506
3168051;41
3168101;317
3168200;118
3168309;102
3168408;95
3168507;150
3168606;764
3168705;19
3168804;17
3168903;414
3169000;163
3169059;18
3169109;21
3169208;140
3169307;1405
3169356;677
3169406;2732
3169505;68
3169604;1217
3169703;575
3169802;304
3169901;201
3170008;13
3170057;78
3170107;3046
3170206;5689
3170305;57
3170404;2841
3170438;308
3170479;56
3170503;633
3170529;146
3170578;27
3170602;92
3170651;25
3170701;1062
3170750;568
3170800;970
3170909;12
3171006;651
3171030;341
3171071;294
3171105;226
3171154;12
3171204;13
3171303;328
3171402;52
3171501;71
3171600;11
3171709;101
3171808;88
3171907;7
3172004;178
3172103;115
3172202;39
3200102;308
3200136;43
3200169;26
3200201;173
3200300;193
3200359;30
3200409;125
3200508;78
3200607;1557
3200706;76
3200805;195
3200904;113
3201001;374
3201100;34
3201159;328
3201209;469
3201308;212
3201407;199
3201506;522
3201605;1688
3201704;272
3201803;30
3201902;848
3202009;38
3202108;491
3202207;110
3202256;55
3202306;223
3202405;285
3202454;56
3202504;130
3202553;23
3202603;29
3202652;39
3202702;96
3202801;342
3202900;27
3203007;85
3203056;951
3203106;36
3203130;96
3203163;37
3203205;4727
3203304;19
3203320;19
3203346;704
3203353;239
3203403;270
3203502;820
3203601;323
3203700;105
3203809;81
3203908;492
3204005;145
3204054;451
3204104;1805
3204203;94
3204252;115
3204302;206
3204351;347
3204401;47
3204500;256
3204559;2219
3204609;304
3204658;92
3204708;101
3204807;110
3204906;3097
3204955;138
3205002;232
3205010;1348
3205036;164
3205069;557
3205101;180
3205150;43
3205176;444
3205200;122
3205309;655
3300100;229
3300159;8
3300209;419
3300225;109
3300233;3
3300308;466
3300407;338
3300456;2
3300506;307
3300605;261
3300704;128
3300803;561
3300902;117
3300936;51
3300951;37
3301009;1768
3301108;203
3301157;172
3301207;120
3301306;142
3301405;157
3301504;71
3301603;235
3301702;20
3301801;53
3301850;77
3301876;6
3301900;156
3302007;83
3302056;47
3302106;115
3302205;578
3302254;16
3302270;7
3302304;102
3302403;384
3302452;40
3302502;45
3302601;53
3302700;61
3302809;9
3302858;2
3302908;134
3303005;194
3303104;218
3303203;8
3303302;195
3303401;217
3303500;37
3303609;37
3303708;549
3303807;57
3303856;169
3303906;435
3303955;18
3304003;239
3304102;112
3304110;42
3304128;70
3304144;2
3304151;126
3304201;323
3304300;296
3304409;434
3304508;150
3304524;56
3304557;945
3304607;209
3304706;185
3304755;657
3304805;262
3304904;19
3305000;101
3305109;1
3305133;50
3305158;559
3305208;102
3305307;131
3305406;349
3305505;120
3305554;66
3305604;558
3305703;210
3305752;62
3305802;1651
3305901;81
3306008;240
3306107;472
3306156;49
3306206;400
3306305;74
3500105;757
3500204;313
3500303;1401
3500402;189
3500501;53
3500550;838
3500600;2
3500709;905
3500758;256
3500808;39
3500907;435
3501004;1511
3501103;81
3501152;18
3501202;107
3501301;139
3501400;99
3501509;81
3501608;94
3501707;100
3501806;78
3501905;1578
3502002;311
3502101;522
3502200;1586
3502309;512
3502408;94
3502507;84
3502606;63
3502705;1113
3502754;9
3502804;801
3502903;408
3503000;128
3503109;785
3503158;60
3503208;1152
3503307;1388
3503356;49
3503406;348
3503505;204
3503604;344
3503703;1042
3503802;800
3503901;133
3503950;21
3504008;279
3504107;1785
3504206;161
3504305;487
3504404;93
3504503;2200
3504602;78
3504701;30
3504800;91
3504909;220
3505005;53
3505104;51
3505203;828
3505302;245
3505351;467
3505401;46
3505500;1885
3505609;63
3505708;74
3505807;2843
3505906;755
3506003;766
3506102;8315
3506201;54
3506300;199
3506359;18
3506409;66
3506508;523
3506607;864
3506706;886
3506805;241
3506904;665
3507001;489
3507100;61
3507159;220
3507209;23
3507308;244
3507407;282
3507456;377
3507506;3019
3507605;1709
3507704;59
3507753;220
3507803;254
3507902;1382
3508009;2158
3508108;126
3508207;135
3508306;220
3508405;585
3508504;336
3508603;211
3508702;410
3508801;446
3508900;22
3509007;58
3509106;139
3509205;28
3509254;801
3509304;355
3509403;609
3509452;192
3509502;1420
3509601;145
3509700;25
3509809;215
3509908;165
3509957;28
3510005;329
3510104;150
3510153;18
3510203;1705
3510302;1431
3510401;365
3510500;116
3510708;336
3510807;2176
3510906;179
3511003;221
3511102;822
3511201;133
3511300;141
3511409;769
3511508;897
3511607;403
3511706;230
3511904;68
3512001;571
3512100;3865
3512209;786
3512308;358
3512407;322
3512506;126
3512605;164
3512704;235
3512803;73
3512902;183
3513009;371
3513108;732
3513207;596
3513306;73
3513405;128
3513504;11
3513603;492
3513702;1222
3513850;13
3513900;165
3514007;48
3514106;488
3514205;17
3514304;296
3514403;205
3514502;225
3514601;323
3514700;234
3514809;854
3514908;260
3514924;206
3514957;51
3515004;37
3515103;186
3515129;39
3515152;617
3515186;1181
3515194;185
3515202;189
3515301;47
3515350;100
3515400;412
3515509;472
3515608;253
3515657;87
3515806;55
3515905;49
3516002;172
3516101;141
3516200;1072
3516408;20
3516507;83
3516606;326
3516705;1202
3516804;42
3516853;857
3516903;326
3517000;589
3517109;193
3517208;311
3517307;194
3517406;2649
3517505;611
3517604;444
3517703;131
3517802;308
3517901;271
3518008;21
3518107;302
3518206;922
3518305;332
3518404;578
3518503;730
3518602;144
3518701;197
3518800;137
3518859;209
3518909;176
3519006;323
3519055;3857
3519071;23
3519105;336
3519204;240
3519253;679
3519303;237
3519402;185
3519501;90
3519600;535
3519709;3160
3519808;93
3519907;157
3520004;123
3520103;261
3520202;103
3520301;169
3520400;14
3520442;135
3520509;641
3520608;66
3520707;78
3520806;94
3520905;153
3521002;74
3521101;138
3521150;284
3521200;31
3521309;503
3521408;163
3521507;237
3521606;53
3521705;778
3521804;2113
3521903;353
3522000;88
3522109;74
3522158;10
3522208;474
3522307;5552
3522406;3875
3522505;7
3522604;1116
3522653;229
3522703;1721
3522802;186
3522901;207
3523008;106
3523107;68
3523206;639
3523305;291
3523404;651
3523503;938
3523602;1179
3523701;359
3523800;216
3523909;1284
3524006;270
3524105;418
3524204;231
3524303;779
3524402;890
3524501;98
3524600;951
3524709;471
3524808;181
3524907;164
3525102;834
3525201;306
3525300;818
3525409;265
3525508;215
3525607;208
3525706;1148
3525805;110
3525854;96
3525904;496
3526001;224
3526100;496
3526209;53
3526308;170
3526407;240
3526506;161
3526605;69
3526704;511
3526803;1890
3526902;827
3527009;61
3527108;468
3527207;303
3527256;32
3527306;270
3527405;184
3527504;804
3527603;3774
3527702;123
3527801;115
3527900;120
3528007;684
3528106;74
3528205;144
3528304;160
3528403;256
3528502;31
3528601;366
3528700;187
3528809;288
3528858;168
3528908;82
3529005;970
3529104;71
3529203;358
3529302;10651
3529401;4
3529500;1213
3529609;88
3529658;33
3529708;250
3529807;155
3529906;511
3530003;77
3530102;368
3530201;187
3530300;250
3530409;197
3530508;2992
3530607;1833
3530706;4306
3530805;1777
3530904;73
3531001;463
3531100;1
3531209;81
3531308;723
3531407;272
3531506;2090
3531605;144
3531704;73
3531803;532
3531902;937
3532009;223
3532058;84
3532108;74
3532157;116
3532207;83
3532306;188
3532405;113
3532504;146
3532603;174
3532702;107
3532801;100
3532827;346
3532843;22
3532868;36
3532900;150
3533007;578
3533106;13
3533205;90
3533254;77
3533304;23
3533403;106
3533502;2763
3533601;416
3533700;384
3533809;119
3533908;539
3534005;489
3534104;140
3534203;136
3534302;897
3534401;12
3534500;47
3534609;217
3534708;2063
3534757;211
3534807;75
3534906;170
3535002;2247
3535101;78
3535200;190
3535309;573
3535408;113
3535507;6180
3535606;344
3535705;135
3535804;1884
3535903;304
3536000;452
3536109;362
3536208;679
3536257;46
3536307;619
3536406;56
3536505;299
3536570;98
3536604;291
3536703;1437
3536802;243
3536901;105
3537008;1060
3537107;66
3537156;57
3537206;103
3537305;590
3537404;341
3537503;473
3537602;39
3537701;115
3537800;1380
3537909;1073
3538006;642
3538105;170
3538204;129
3538303;155
3538501;67
3538600;188
3538709;1018
3538808;536
3538907;938
3539004;352
3539103;16
3539202;153
3539301;893
3539400;370
3539509;799
3539608;1276
3539707;181
3539806;1
3539905;110
3540002;290
3540101;31
3540200;997
3540259;60
3540309;84
3540408;169
3540507;232
3540606;1635
3540705;399
3540754;40
3540804;105
3540853;8
3540903;16
3541000;16
3541059;492
3541109;156
3541208;397
3541307;292
3541406;435
3541505;284
3541604;1305
3541653;189
3541703;148
3541802;290
3541901;99
3542008;270
3542107;107
3542206;1640
3542305;200
3542404;307
3542503;498
3542602;1110
3542701;426
3542800;231
3542909;486
3543006;1916
3543105;289
3543204;110
3543238;27
3543253;106
3543303;8
3543402;980
3543501;91
3543600;121
3543709;274
3543808;529
3543907;1192
3544004;244
3544202;221
3544251;153
3544301;80
3544400;100
3544509;197
3544608;60
3544707;24
3544806;85
3544905;542
3545001;518
3545100;81
3545159;28
3545209;181
3545308;234
3545407;172
3545506;137
3545605;2529
3545704;2076
3545803;102
3546009;243
3546108;124
3546207;246
3546256;96
3546306;1608
3546405;3625
3546504;6
3546603;302
3546702;28
3546801;352
3546900;78
3547007;125
3547106;60
3547205;33
3547304;137
3547403;30
3547502;465
3547601;209
3547650;25
3547700;393
3547809;13
3547908;317
3548005;1426
3548054;516
3548104;341
3548203;138
3548302;9
3548401;114
3548500;310
3548609;159
3548708;77
3548807;2
3548906;2873
3549003;12
3549102;1655
3549201;43
3549250;23
3549300;10
3549409;286
3549508;182
3549607;132
3549706;1194
3549805;592
3549904;527
3549953;70
3550001;357
3550100;960
3550209;1145
3550308;2302
3550407;479
3550506;586
3550605;622
3550704;7
3550803;820
3550902;499
3551009;4
3551108;278
3551207;60
3551306;42
3551405;48
3551504;267
3551603;375
3551702;459
3551801;920
3551900;378
3552007;146
3552106;308
3552205;327
3552304;677
3552403;456
3552502;593
3552551;87
3552601;396
3552700;870
3552809;4
3552908;110
3553005;236
3553104;130
3553203;113
3553302;1013
3553401;314
3553500;197
3553609;777
3553658;241
3553708;1062
3553807;695
3553856;618
3553906;82
3553955;1649
3554003;1424
3554102;601
3554201;449
3554300;361
3554409;206
3554508;726
3554607;155
3554656;9
3554706;376
3554755;136
3554805;186
3554904;97
3554953;158
3555000;1202
3555109;239
3555208;59
3555307;86
3555356;123
3555406;29
3555505;939
3555604;97
3555703;23
3555802;104
3555901;52
3556008;385
3556107;133
3556206;413
3556305;276
3556354;98
3556404;605
3556453;111
3556503;8
3556602;304
3556701;75
3556800;277
3556909;506
3556958;14
3557006;43
3557105;231
3557154;186
3557204;147
3557303;429
4100103;159
4100202;206
4100301;23
4100400;39
4100459;65
4100509;217
4100608;372
4100707;132
4100806;210
4100905;119
4101002;59
4101051;50
4101101;285
4101150;69
4101200;147
4101309;123
4101408;411
4101507;831
4101606;1381
4101655;77
4101705;130
4101804;322
4101853;43
4101903;103
4102000;406
4102109;324
4102208;172
4102307;149
4102406;205
4102505;99
4102604;35
4102703;79
4102752;2
4102802;277
4102901;374
4103008;120
4103024;22
4103040;155
4103057;45
4103107;229
4103156;6
4103206;222
4103222;68
4103305;84
4103354;93
4103370;58
4103404;67
4103453;243
4103479;49
4103503;52
4103602;264
4103701;311
4103800;88
4103909;275
4103958;64
4104006;55
4104055;67
4104105;389
4104204;285
4104253;48
4104303;680
4104402;176
4104428;446
4104451;107
4104501;22
4104600;63
4104659;1811
4104709;386
4104808;2512
4104907;3080
4105003;185
4105102;66
4105201;321
4105300;209
4105409;173
4105508;574
4105607;175
4105706;212
4105805;702
4105904;69
4106001;266
4106100;109
4106209;235
4106308;397
4106407;537
4106456;251
4106506;297
4106555;35
4106571;152
4106605;373
4106704;294
4106803;68
4106852;89
4106902;885
4107009;46
4107108;86
4107124;47
4107157;71
4107207;945
4107256;197
4107306;26
4107405;136
4107504;334
4107520;35
4107538;355
4107546;55
4107553;99
4107603;332
4107652;16
4107702;36
4107736;107
4107751;70
4107801;136
4107850;17
4107900;99
4108007;193
4108106;8
4108205;113
4108304;141
4108320;95
4108403;427
4108452;50
4108502;279
4108551;8
4108601;339
4108650;85
4108700;145
4108809;166
4108908;330
4108957;15
4109005;106
4109104;37
4109203;83
4109302;350
4109401;2896
4109500;57
4109609;132
4109658;164
4109708;1183
4109757;84
4109807;900
4109906;279
4110003;147
4110052;13
4110078;74
4110102;267
4110201;207
4110300;31
4110409;29
4110508;305
4110607;142
4110656;76
4110706;341
4110805;139
4110904;40
4110953;299
4111001;152
4111100;101
4111209;169
4111258;242
4111308;33
4111407;85
4111506;136
4111555;63
4111605;27
4111704;67
4111803;1292
4111902;575
4112009;826
4112108;75
4112207;123
4112306;58
4112405;64
4112504;63
4112603;36
4112702;108
4112751;122
4112801;91
4112900;140
4112959;109
4113007;59
4113106;35
4113205;1157
4113254;92
4113304;246
4113403;208
4113429;60
4113452;162
4113502;219
4113601;41
4113700;1608
4113734;479
4113759;71
4113809;56
4113908;171
4114005;476
4114104;221
4114203;307
4114302;84
4114351;12
4114401;368
4114500;112
4114609;535
4114708;297
4114807;282
4114906;217
4115002;265
4115101;130
4115200;521
4115309;212
4115358;107
4115408;146
4115457;37
4115507;298
4115606;99
4115739;51
4115754;126
4115804;400
4115853;61
4115903;203
4116000;17
4116059;81
4116109;276
4116208;129
4116307;74
4116406;40
4116505;46
4116604;59
4116703;465
4116802;163
4116901;316
4116950;50
4117008;161
4117057;138
4117107;85
4117206;123
4117214;20
4117222;149
4117255;161
4117271;99
4117297;36
4117305;766
4117404;60
4117453;220
4117503;53
4117602;3430
4117701;747
4117800;112
4117909;753
4118006;1735
4118105;65
4118204;47
4118303;111
4118402;1184
4118451;90
4118501;1017
4118600;118
4118709;25
4118808;203
4118857;87
4118907;37
4119004;12
4119103;67
4119202;56
4119251;8
4119301;995
4119400;849
4119509;184
4119608;439
4119657;91
4119707;171
4119806;26
4119905;1639
4119954;5
4120002;52
4120101;215
4120150;33
4120200;59
4120309;48
4120333;105
4120358;31
4120408;79
4120507;121
4120606;285
4120655;168
4120705;33
4120804;17
4120853;187
4120903;186
4121000;183
4121109;133
4121208;28
4121257;53
4121307;137
4121356;54
4121406;149
4121505;196
4121604;76
4121703;634
4121752;165
4121802;345
4121901;202
4122008;32
4122107;56
4122156;59
4122172;66
4122206;41
4122305;188
4122404;662
4122503;397
4122602;166
4122651;85
4122701;182
4122800;34
4122909;25
4123006;261
4123105;74
4123204;64
4123303;156
4123402;80
4123501;810
4123600;19
4123709;140
4123808;197
4123824;12
4123857;102
4123907;416
4123956;109
4124004;107
4124020;156
4124053;146
4124103;555
4124202;108
4124301;143
4124400;605
4124509;102
4124608;79
4124707;176
4124806;90
4124905;156
4125001;97
4125100;191
4125209;142
4125308;225
4125357;68
4125407;66
4125456;79
4125506;553
4125555;152
4125605;564
4125704;563
4125753;115
4125803;652
4125902;49
4126009;87
4126108;18
4126207;94
4126256;30
4126272;57
4126306;836
4126355;79
4126405;229
4126504;339
4126603;112
4126652;23
4126678;264
4126702;69
4126801;262
4126900;131
4127007;337
4127106;596
4127205;191
4127304;246
4127403;213
4127502;1206
4127601;256
4127700;1611
4127809;211
4127858;129
4127882;144
4127908;91
4127957;120
4127965;140
4128005;198
4128104;598
4128203;294
4128302;53
4128401;248
4128500;124
4128534;876
4128559;180
4128609;39
4128625;218
4128633;52
4128658;47
4128708;160
4128807;81
4200051;9
4200101;406
4200200;36
4200309;7
4200408;391
4200507;9
4200556;33
4200606;5
4200705;45
4200754;11
4200804;27
4200903;10
4201000;48
4201109;32
4201208;72
4201257;31
4201273;35
4201307;146
4201406;251
4201505;101
4201604;58
4201653;377
4201703;21
4201802;24
4201901;8
4201950;8
4202008;42
4202057;21
4202073;31
4202081;8
4202099;7
4202107;81
4202131;34
4202156;6
4202206;21
4202305;191
4202404;144
4202438;48
4202453;163
4202503;132
4202537;62
4202578;9
4202602;398
4202701;22
4202800;314
4202859;12
4202875;84
4202909;8
4203006;1310
4203105;64
4203154;298
4203204;84
4203253;149
4203303;82
4203402;431
4203501;196
4203600;898
4203709;12
4203808;430
4203907;372
4203956;27
4204004;287
4204103;30
4204178;44
4204194;4
4204202;933
4204251;15
4204301;290
4204350;54
4204400;74
4204459;12
4204509;318
4204558;203
4204608;30
4204707;56
4204756;13
4204806;615
4204905;64
4205001;51
4205100;20
4205159;11
4205175;9
4205191;37
4205209;97
4205308;1223
4205357;25
4205407;269
4205431;6
4205456;52
4205506;2074
4205555;10
4205605;36
4205704;13
4205803;156
4205902;24
4206009;93
4206108;73
4206207;21
4206306;1
4206405;108
4206504;115
4206603;21
4206652;111
4206702;111
4206751;11
4206801;67
4206900;21
4207007;122
4207106;53
4207205;26
4207304;32
4207403;7
4207502;57
4207577;210
4207601;15
4207650;53
4207684;30
4207700;163
4207759;10
4207809;88
4207858;2
4207908;129
4208005;27
4208104;131
4208203;946
4208302;6
4208401;211
4208450;13
4208500;133
4208609;57
4208708;22
4208807;70
4208906;159
4208955;2
4209003;113
4209102;361
4209151;5
4209177;5
4209201;100
4209300;1466
4209409;184
4209458;2
4209508;61
4209607;150
4209706;739
4209805;5
4209854;15
4209904;33
4210001;286
4210035;20
4210050;118
4210100;498
4210209;9
4210308;111
4210407;7
4210506;118
4210555;50
4210605;77
4210704;55
4210803;7
4210852;25
4210902;51
4211009;73
4211058;450
4211108;164
4211207;4
4211306;488
4211405;58
4211454;8
4211504;11
4211603;40
4211652;1
4211702;67
4211751;126
4211801;13
4211850;42
4211876;5
4211892;139
4211900;60
4212007;203
4212056;16
4212106;58
4212205;435
4212239;16
4212254;5
4212270;159
4212304;46
4212403;39
4212502;355
4212601;10
4212650;7
4212700;31
4212809;41
4212908;116
4213005;82
4213104;5
4213153;47
4213203;22
4213302;124
4213351;135
4213401;331
4213500;251
4213609;150
4213708;138
4213807;1
4213906;12
4214003;26
4214102;23
4214151;5
4214201;132
4214300;26
4214409;204
4214508;21
4214607;141
4214706;42
4214805;91
4214904;40
4215000;459
4215059;29
4215075;25
4215109;18
4215208;10
4215307;81
4215356;6
4215406;67
4215455;4
4215505;1088
4215554;2
4215604;5
4215653;3
4215679;1
4215687;4
4215695;3
4215703;40
4215752;8
4215802;72
4215901;10
4216008;55
4216057;102
4216107;121
4216206;17
4216255;71
4216305;4
4216354;140
4216404;3
4216503;3294
4216602;44
4216701;54
4216800;109
4216909;52
4217006;191
4217105;15
4217154;1
4217204;215
4217253;51
4217303;44
4217402;47
4217501;407
4217550;18
4217600;7
4217709;34
4217758;2
4217808;93
4217907;126
4217956;3
4218004;59
4218103;8
4218202;57
4218251;185
4218301;408
4218350;1
4218400;3
4218509;103
4218608;54
4218707;103
4218756;151
4218806;136
4218855;24
4218905;263
4218954;108
4219002;78
4219101;181
4219150;9
4219176;59
4219200;26
4219309;1551
4219358;31
4219408;21
4219507;471
4219606;97
4219705;469
4219853;64
4220000;7
4300034;358
4300059;57
4300109;27
4300208;78
4300307;16
4300406;1836
4300455;22
4300471;87
4300505;1
4300554;16
4300570;128
4300604;7
4300638;12
4300646;1
4300661;118
4300703;45
4300802;116
4300851;238
4300877;11
4300901;138
4301008;115
4301057;3
4301073;1
4301107;81
4301305;910
4301404;5
4301503;66
4301552;11
4301602;1337
4301636;6
4301651;28
4301701;40
4301750;12
4301800;31
4301859;3
4301875;110
4301909;812
4301925;10
4301958;6
4302006;13
4302105;108
4302154;54
4302204;12
4302220;144
4302238;112
4302253;27
4302303;1058
4302352;11
4302378;14
4302402;153
4302451;26
4302501;274
4302584;28
4302600;13
4302659;44
4302709;667
4302808;429
4302907;405
4303004;1153
4303103;5
4303202;1
4303301;62
4303509;694
4303558;27
4303608;127
4303673;111
4303707;6
4303806;139
4303905;60
4304002;98
4304101;21
4304200;74
4304309;19
4304358;93
4304408;51
4304507;387
4304606;15
4304614;2
4304622;98
4304630;12
4304655;144
4304663;339
4304671;248
4304689;53
4304697;102
4304705;686
4304713;3
4304804;43
4304903;69
4304952;60
4305009;185
4305108;1651
4305116;6
4305124;24
4305132;3
4305157;1
4305173;27
4305207;68
4305306;134
4305355;48
4305371;43
4305405;146
4305439;23
4305447;3
4305454;22
4305504;58
4305587;9
4305603;52
4305702;323
4305801;21
4305835;5
4305850;21
4305871;17
4305900;133
4305934;1
4305959;1
4305975;194
4306007;47
4306056;275
4306072;7
4306106;980
4306205;140
4306304;12
4306320;5
4306353;18
4306379;88
4306403;22
4306429;124
4306452;26
4306502;35
4306551;30
4306601;1880
4306734;46
4306759;11
4306767;108
4306809;111
4306908;967
4306924;1
4306932;196
4306957;4
4306973;74
4307005;193
4307054;75
4307104;166
4307203;121
4307302;48
4307401;157
4307450;2
4307500;164
4307559;96
4307609;5
4307807;172
4307815;44
4307831;78
4307864;6
4307906;911
4308003;2
4308052;36
4308078;124
4308102;27
4308201;312
4308250;1
4308300;62
4308409;94
4308433;1
4308458;187
4308508;81
4308607;274
4308656;77
4308706;87
4308805;49
4308854;65
4308904;68
4309001;190
4309050;63
4309100;113
4309126;11
4309159;3
4309209;97
4309258;21
4309308;700
4309407;30
4309506;26
4309555;39
4309605;40
4309654;64
4309704;54
4309803;155
4309902;59
4309951;21
4310009;199
4310108;12
4310207;247
4310306;16
4310363;3
4310405;131
4310413;37
4310439;230
4310462;31
4310504;3
4310538;54
4310553;135
4310579;2
4310603;1552
4310652;26
4310702;4
4310751;6
4310801;39
4310850;8
4310876;70
4310900;63
4311007;790
4311106;54
4311122;94
4311130;154
4311155;262
4311205;560
4311239;5
4311254;7
4311270;29
4311304;216
4311403;227
4311429;2
4311502;384
4311627;2
4311643;15
4311700;35
4311718;256
4311734;1
4311759;201
4311775;111
4311791;13
4311809;336
4311908;15
4311981;30
4312005;16
4312054;16
4312104;16
4312138;32
4312153;7
4312179;12
4312203;11
4312252;260
4312302;2
4312377;107
4312385;7
4312401;521
4312427;22
4312443;4
4312450;47
4312476;145
4312500;903
4312609;27
4312617;340
4312658;225
4312674;36
4312708;61
4312757;19
4312807;19
4312906;133
4312955;13
4313003;23
4313011;37
4313037;13
4313086;24
4313102;14
4313201;216
4313300;109
4313334;21
4313375;67
4313391;33
4313409;69
4313425;10
4313490;1
4313508;125
4313607;32
4313656;381
4313706;733
4313805;5
4313904;169
4313953;248
4314001;14
4314027;12
4314035;136
4314050;18
4314076;55
4314100;900
4314134;8
4314159;27
4314175;124
4314209;430
4314308;171
4314407;918
4314423;2
4314456;44
4314464;38
4314472;52
4314498;40
4314506;182
4314548;45
4314555;17
4314605;701
4314753;14
4314779;100
4314787;6
4314803;32
4314902;1377
4315008;12
4315057;4
4315073;10
4315107;34
4315131;31
4315149;7
4315156;3
4315172;50
4315206;16
4315305;579
4315313;75
4315321;83
4315354;53
4315404;41
4315453;9
4315503;167
4315552;7
4315602;939
4315701;314
4315750;24
4315800;54
4315909;203
4315958;24
4316006;59
4316105;65
4316204;37
4316303;48
4316402;1171
4316428;1
4316436;38
4316451;140
4316477;64
4316501;497
4316600;114
4316709;366
4316733;30
4316758;19
4316808;546
4316907;504
4316956;29
4316972;155
4317004;70
4317103;1114
4317202;548
4317251;32
4317301;2467
4317400;484
4317509;313
4317558;90
4317608;176
4317707;263
4317756;40
4317806;346
4317905;217
4317954;1
4318002;1397
4318051;2
4318101;241
4318200;944
4318309;1526
4318408;47
4318424;7
4318432;14
4318440;33
4318465;35
4318481;29
4318499;2
4318507;531
4318606;96
4318614;20
4318622;364
4318705;66
4318804;392
4318903;600
4319000;64
4319109;69
4319125;75
4319158;374
4319208;87
4319307;39
4319356;38
4319364;4
4319372;205
4319406;118
4319505;115
4319604;380
4319703;6
4319711;21
4319737;2
4319752;6
4319802;331
4319901;38
4320008;1
4320107;196
4320206;155
4320230;16
4320263;2
4320305;92
4320321;32
4320354;50
4320404;209
4320453;4
4320503;126
4320552;16
4320578;3
4320602;14
4320651;22
4320677;4
4320701;24
4320800;148
4320859;63
4320909;131
4321006;114
4321105;270
4321204;55
4321303;288
4321329;11
4321352;110
4321402;94
4321436;83
4321451;184
4321469;9
4321477;5
4321493;26
4321501;14
4321600;9
4321626;29
4321634;8
4321667;4
4321709;23
4321808;43
4321832;1
4321857;65
4321907;128
4321956;31
4322004;240
4322103;38
4322152;2
4322186;5
4322202;980
4322251;56
4322301;73
4322327;83
4322343;2
4322350;15
4322376;77
4322400;2746
4322509;5632
4322525;38
4322533;6
4322558;6
4322608;59
4322707;11
4322806;56
4322855;27
4322905;10
4323002;396
4323101;2
4323200;32
4323309;44
4323358;14
4323408;94
4323457;88
4323507;61
4323606;15
4323705;31
4323754;32
4323770;51
4323804;2
5000203;1795
5000252;321
5000609;1238
5000708;579
5000807;609
5000856;294
5000906;391
5001003;734
5001102;1325
5001243;538
5001508;673
5001904;595
5002001;355
5002100;857
5002159;376
5002209;1052
5002308;1196
5002407;1799
5002605;998
5002704;3841
5002803;373
5002902;796
5002951;3008
5003108;312
5003157;107
5003207;2362
5003256;1388
5003306;1050
5003454;180
5003488;508
5003504;105
5003702;1865
5003751;303
5003801;108
5003900;303
5004007;177
5004106;354
5004304;529
5004403;730
5004502;514
5004601;743
5004700;609
5004809;50
5004908;625
5005004;448
5005103;547
5005152;235
5005202;18
5005251;703
5005400;2391
5005608;1109
5005681;100
5005707;1230
5005806;556
5006002;695
5006200;1133
5006259;105
5006275;698
5006309;1331
5006358;191
5006408;443
5006606;1445
5006903;1248
5007109;2774
5007208;1846
5007307;232
5007406;985
5007505;314
5007554;979
5007695;1701
5007703;206
5007802;387
5007901;1716
5007935;1760
5007950;351
5007976;164
5008008;895
5008305;4242
5008404;319
5100102;147
5100201;1147
5100250;1351
5100300;462
5100359;116
5100409;1609
5100508;169
5100607;587
5100805;216
5101001;365
5101209;32
5101258;454
5101308;68
5101407;572
5101605;131
5101704;1518
5101803;961
5101852;810
5101902;1744
5102504;2069
5102603;363
5102637;5116
5102678;3866
5102686;2064
5102694;111
5102702;1296
5102793;334
5102850;393
5103007;772
5103056;494
5103106;621
5103205;452
5103254;516
5103304;1017
5103353;442
5103361;200
5103379;134
5103403;3956
5103437;30
5103452;267
5103502;3327
5103601;720
5103700;615
5103809;165
5103858;836
5103908;435
5103957;134
5104104;274
5104203;653
5104500;122
5104526;1505
5104542;204
5104559;461
5104609;2119
5104807;630
5104906;183
5105002;201
5105101;1584
5105150;745
5105176;203
5105200;551
5105234;585
5105259;2537
5105309;40
5105507;1831
5105580;521
5105606;646
5105622;647
5105903;275
5106000;266
5106109;452
5106158;380
5106174;123
5106182;419
5106190;254
5106208;245
5106216;667
5106224;3422
5106232;1837
5106240;1929
5106257;617
5106265;398
5106273;91
5106281;914
5106299;503
5106307;1673
5106315;19
5106372;2290
5106422;429
5106455;262
5106505;731
5106653;225
5106703;30
5106752;1282
5106778;423
5106802;961
5106828;883
5106851;176
5107008;1411
5107040;4217
5107065;2042
5107107;511
5107156;38
5107180;418
5107198;81
5107206;91
5107248;479
5107263;180
5107297;78
5107305;1043
5107354;856
5107404;42
5107578;330
5107602;2668
5107701;589
5107743;278
5107750;182
5107768;1068
5107776;358
5107792;1045
5107800;1414
5107859;1276
5107875;6498
5107883;96
5107909;1485
5107925;3957
5107941;1040
5107958;2258
5108006;1818
5108055;214
5108105;352
5108204;317
5108303;390
5108352;85
5108402;196
5108501;1055
5108600;827
5108808;125
5108857;210
5108907;752
5108956;549
5200050;142
5200100;320
5200134;848
5200159;183
5200175;506
5200209;96
5200258;27
5200308;480
5200506;37
5200555;36
5200605;279
5200803;118
5200829;59
5200852;62
5200902;58
5201108;600
5201207;3
5201306;291
5201405;140
5201454;265
5201504;462
5201603;53
5201702;122
5201801;173
5202155;275
5202353;159
5202502;544
5202601;100
5202809;72
5203104;59
5203203;374
5203302;974
5203401;157
5203500;468
5203559;67
5203575;325
5203609;47
5203807;292
5203906;372
5203939;27
5203962;2
5204003;381
5204102;753
5204201;43
5204250;156
5204300;383
5204409;937
5204508;414
5204557;59
5204607;91
5204656;58
5204706;90
5204805;789
5204854;105
5204904;85
5204953;48
5205000;80
5205059;32
5205109;1171
5205208;114
5205307;59
5205406;40
5205455;190
5205471;910
5205497;140
5205513;252
5205521;34
5205703;50
5205802;413
5205901;257
5206206;5386
5206305;79
5206404;241
5206503;102
5206602;99
5206701;6
5206800;23
5206909;32
5207105;62
5207253;413
5207352;143
5207402;502
5207501;61
5207535;177
5207600;145
5207808;94
5207907;261
5208004;1913
5208103;36
5208152;210
5208301;43
5208400;141
5208509;86
5208608;1000
5208707;2270
5208806;178
5208905;695
5209101;1027
5209150;137
5209200;140
5209291;40
5209408;66
5209457;22
5209606;27
5209705;672
5209804;56
5209903;425
5209937;236
5209952;224
5210000;1362
5210109;1376
5210158;13
5210208;191
5210307;74
5210406;1453
5210562;51
5210604;38
5210802;366
5210901;268
5211008;432
5211206;262
5211305;508
5211404;80
5211503;2331
5211602;134
5211701;185
5211800;316
5211909;3085
5212006;70
5212055;17
5212105;199
5212204;748
5212253;62
5212303;924
5212501;1549
5212600;90
5212709;59
5212808;176
5212907;28
5212956;233
5213004;466
5213053;195
5213087;74
5213103;2240
5213400;74
5213509;152
5213707;517
5213756;1027
5213772;109
5213806;1202
5213855;16
5213905;150
5214002;297
5214051;489
5214101;74
5214408;178
5214507;290
5214606;788
5214705;26
5214804;45
5214838;1296
5214861;91
5214879;34
5214903;124
5215009;44
5215207;111
5215231;348
5215256;187
5215306;576
5215405;72
5215504;107
5215603;813
5215652;169
5215702;602
5215801;28
5215900;80
5216007;77
5216304;228
5216403;1201
5216452;240
5216809;129
5216908;59
5217104;803
5217203;321
5217302;426
5217401;543
5217609;822
5217708;475
5218003;582
5218052;249
5218102;235
5218300;377
5218391;89
5218508;1072
5218607;71
5218706;55
5218789;36
5218805;6783
5218904;1397
5219001;71
5219100;61
5219209;259
5219258;240
5219308;1277
5219357;136
5219407;214
5219456;312
5219506;36
5219605;78
5219704;90
5219712;639
5219738;100
5219753;121
5219803;124
5219902;267
5220009;507
5220058;68
5220108;190
5220157;119
5220207;1101
5220264;209
5220280;772
5220405;116
5220454;153
5220504;609
5220603;950
5220686;57
5220702;93
5221007;47
5221080;10
5221197;65
5221304;25
5221403;396
5221452;55
5221502;139
5221551;1010
5221577;53
5221601;279
5221700;60
5221809;316
5221858;18
5221908;82
5222005;427
5222054;400
5222203;268
5222302;400
5300108;5407
