"id_municipio","muni","acessos_2019","pop_resid_estimada_2019","acessos_cada_100_mil_hab","class_acessos_100mil_2019"
1100015,"Alta Floresta D'Oeste (RO)",77305,22945,336914.360427108,"Médio Alto"
1100023,"Ariquemes (RO)",853053,107863,790867.118474361,"Muito Alto"
1100031,"Cabixi (RO)",27496,5312,517620.481927711,"Alto"
1100049,"Cacoal (RO)",709272,85359,830928.197378132,"Muito Alto"
1100056,"Cerejeiras (RO)",127712,16323,782405.195123445,"Muito Alto"
1100064,"Colorado do Oeste (RO)",118259,15882,744610.250598161,"Muito Alto"
1100072,"Corumbiara (RO)",34303,7391,464118.522527398,"Médio Alto"
1100080,"Costa Marques (RO)",57813,18331,315383.77611696,"Médio Baixo"
1100098,"Espigão D'Oeste (RO)",114601,32374,353990.856860444,"Médio Alto"
1100106,"Guajará-Mirim (RO)",236768,46174,512773.422272274,"Alto"
1100114,"Jaru (RO)",425949,51775,822692.419121197,"Muito Alto"
1100122,"Ji-Paraná (RO)",728157,128969,564598.469399623,"Alto"
1100130,"Machadinho D'Oeste (RO)",89074,39991,222735.115400965,"Baixo"
1100148,"Nova Brasilândia D'Oeste (RO)",62410,20474,304825.632509524,"Médio Baixo"
1100155,"Ouro Preto do Oeste (RO)",308457,36035,855992.784792563,"Muito Alto"
1100189,"Pimenta Bueno (RO)",292354,36660,797474.08619749,"Muito Alto"
1100205,"Porto Velho (RO)",7092224,529544,1339307.78178962,"Muito Alto"
1100254,"Presidente Médici (RO)",132452,18986,697629.832508164,"Muito Alto"
1100262,"Rio Crespo (RO)",14685,3764,390143.464399575,"Médio Alto"
1100288,"Rolim de Moura (RO)",407949,55058,740944.095317665,"Muito Alto"
1100296,"Santa Luzia D'Oeste (RO)",30246,6495,465681.29330254,"Médio Alto"
1100304,"Vilhena (RO)",704502,99854,705532.076832175,"Muito Alto"
1100320,"São Miguel do Guaporé (RO)",113859,23005,494931.536622473,"Médio Alto"
1100338,"Nova Mamoré (RO)",104788,30583,342634.797109505,"Médio Alto"
1100346,"Alvorada D'Oeste (RO)",57254,14411,397293.73395323,"Médio Alto"
1100379,"Alto Alegre dos Parecis (RO)",48434,13241,365788.082471112,"Médio Alto"
1100403,"Alto Paraíso (RO)",75321,21428,351507.373529961,"Médio Alto"
1100452,"Buritis (RO)",233893,39654,589834.569022041,"Alto"
1100502,"Novo Horizonte do Oeste (RO)",27679,8538,324185.992035606,"Médio Baixo"
1100601,"Cacaulândia (RO)",24920,6230,4e+05,"Médio Alto"
1100700,"Campo Novo de Rondônia (RO)",30692,14139,217073.343235024,"Baixo"
1100809,"Candeias do Jamari (RO)",129357,26693,484610.197430038,"Médio Alto"
1100908,"Castanheiras (RO)",11218,3052,367562.254259502,"Médio Alto"
1100924,"Chupinguaia (RO)",47267,11182,422706.134859596,"Médio Alto"
1100940,"Cujubim (RO)",87284,25215,346159.032322031,"Médio Alto"
1101005,"Governador Jorge Teixeira (RO)",31428,7767,404634.994206257,"Médio Alto"
1101104,"Itapuã do Oeste (RO)",52880,10458,505641.614075349,"Alto"
1101203,"Ministro Andreazza (RO)",33293,9660,344648.033126294,"Médio Alto"
1101302,"Mirante da Serra (RO)",66135,10947,604138.120032886,"Alto"
1101401,"Monte Negro (RO)",72472,15852,457178.904870048,"Médio Alto"
1101435,"Nova União (RO)",27531,6970,394992.826398852,"Médio Alto"
1101450,"Parecis (RO)",16939,6074,278877.181429042,"Médio Baixo"
1101468,"Pimenteiras do Oeste (RO)",10939,2169,504333.794375288,"Alto"
1101476,"Primavera de Rondônia (RO)",13224,2856,463025.210084034,"Médio Alto"
1101484,"São Felipe D'Oeste (RO)",3725,5172,72022.4284609435,"Muito Baixo"
1101492,"São Francisco do Guaporé (RO)",98239,20266,484747.853547814,"Médio Alto"
1101500,"Seringueiras (RO)",57631,11856,486091.430499325,"Médio Alto"
1101559,"Teixeirópolis (RO)",19429,4308,450998.142989786,"Médio Alto"
1101609,"Theobroma (RO)",32082,10444,307181.156644964,"Médio Baixo"
1101708,"Urupá (RO)",66258,11467,577814.598412837,"Alto"
1101757,"Vale do Anari (RO)",37534,11204,335005.355230275,"Médio Baixo"
1101807,"Vale do Paraíso (RO)",33428,6825,489787.545787546,"Médio Alto"
1200013,"Acrelândia (AC)",64065,15256,419933.141059255,"Médio Alto"
1200054,"Assis Brasil (AC)",29607,7417,399177.565053256,"Médio Alto"
1200104,"Brasiléia (AC)",143964,26278,547849.912474313,"Alto"
1200138,"Bujari (AC)",29896,10266,291213.71517631,"Médio Baixo"
1200179,"Capixaba (AC)",35009,11733,298380.635813517,"Médio Baixo"
1200203,"Cruzeiro do Sul (AC)",548448,88376,620584.774146827,"Alto"
1200252,"Epitaciolândia (AC)",91345,18411,496143.60979849,"Médio Alto"
1200302,"Feijó (AC)",131337,34780,377622.19666475,"Médio Alto"
1200328,"Jordão (AC)",17974,8317,216111.578694241,"Baixo"
1200336,"Mâncio Lima (AC)",60805,18977,320414.185593086,"Médio Baixo"
1200344,"Manoel Urbano (AC)",34636,9459,366169.785389576,"Médio Alto"
1200351,"Marechal Thaumaturgo (AC)",40773,18867,216107.489266974,"Baixo"
1200385,"Plácido de Castro (AC)",93043,19761,470841.556601387,"Médio Alto"
1200393,"Porto Walter (AC)",29397,11982,245343.014521783,"Médio Baixo"
1200401,"Rio Branco (AC)",4453646,407319,1093404.92341384,"Muito Alto"
1200427,"Rodrigues Alves (AC)",40193,18930,212324.352879028,"Baixo"
1200435,"Santa Rosa do Purus (AC)",13362,6540,204311.926605505,"Baixo"
1200450,"Senador Guiomard (AC)",126660,23024,550121.612230716,"Alto"
1200500,"Sena Madureira (AC)",199595,45848,435340.690978887,"Médio Alto"
1200609,"Tarauacá (AC)",163156,42567,383292.221674067,"Médio Alto"
1200708,"Xapuri (AC)",76225,19323,394478.083113388,"Médio Alto"
1200807,"Porto Acre (AC)",36498,18504,197243.839169909,"Baixo"
1300029,"Alvarães (AM)",44507,16041,277457.764478524,"Médio Baixo"
1300060,"Amaturá (AM)",25234,11536,218741.33148405,"Baixo"
1300086,"Anamã (AM)",10861,13614,79778.1695313648,"Muito Baixo"
1300102,"Anori (AM)",18042,21010,85873.3936220847,"Muito Baixo"
1300144,"Apuí (AM)",65669,21973,298862.240021845,"Médio Baixo"
1300201,"Atalaia do Norte (AM)",33237,19921,166844.033934039,"Muito Baixo"
1300300,"Autazes (AM)",112025,39565,283141.665613547,"Médio Baixo"
1300409,"Barcelos (AM)",48396,27502,175972.65653407,"Muito Baixo"
1300508,"Barreirinha (AM)",54836,32041,171143.222745857,"Muito Baixo"
1300607,"Benjamin Constant (AM)",110529,42984,257139.86599665,"Médio Baixo"
1300631,"Beruri (AM)",18284,19679,92911.2251638803,"Muito Baixo"
1300680,"Boa Vista do Ramos (AM)",40744,19207,212130.993908471,"Baixo"
1300706,"Boca do Acre (AM)",109837,34308,320149.819284132,"Médio Baixo"
1300805,"Borba (AM)",89785,41161,218131.240737591,"Baixo"
1300839,"Caapiranga (AM)",14222,13081,108722.574726703,"Muito Baixo"
1300904,"Canutama (AM)",25737,15629,164674.643291317,"Muito Baixo"
1301001,"Carauari (AM)",74598,28294,263653.071322542,"Médio Baixo"
1301100,"Careiro (AM)",75108,37869,198336.370118038,"Baixo"
1301159,"Careiro da Várzea (AM)",31936,30225,105660.876757651,"Muito Baixo"
1301209,"Coari (AM)",669263,85097,786470.733398357,"Muito Alto"
1301308,"Codajás (AM)",29780,28637,103991.339874987,"Muito Baixo"
1301407,"Eirunepé (AM)",96829,35273,274513.083661724,"Médio Baixo"
1301506,"Envira (AM)",49812,20033,248649.727948884,"Médio Baixo"
1301605,"Fonte Boa (AM)",49869,17609,283201.771821228,"Médio Baixo"
1301654,"Guajará (AM)",17111,16678,102596.234560499,"Muito Baixo"
1301704,"Humaitá (AM)",890063,55080,1615945.89687727,"Muito Alto"
1301803,"Ipixuna (AM)",32989,29689,111115.227862171,"Muito Baixo"
1301852,"Iranduba (AM)",154728,48296,320374.358124896,"Médio Baixo"
1301902,"Itacoatiara (AM)",460663,101337,454585.19593041,"Médio Alto"
1301951,"Itamarati (AM)",23305,7851,296841.166730353,"Médio Baixo"
1302009,"Itapiranga (AM)",35195,9148,384728.902492348,"Médio Alto"
1302108,"Japurá (AM)",18816,2755,682976.406533575,"Muito Alto"
1302207,"Juruá (AM)",30279,14712,205811.582381729,"Baixo"
1302306,"Jutaí (AM)",50203,14317,350653.069777188,"Médio Alto"
1302405,"Lábrea (AM)",112837,46069,244930.430441295,"Médio Baixo"
1302504,"Manacapuru (AM)",498548,97377,511977.160931226,"Alto"
1302553,"Manaquiri (AM)",48086,32105,149777.293256502,"Muito Baixo"
1302603,"Manaus (AM)",22761036,2182763,1042762.59034994,"Muito Alto"
1302702,"Manicoré (AM)",116891,55751,209666.194328353,"Baixo"
1302801,"Maraã (AM)",29484,18224,161786.654960492,"Muito Baixo"
1302900,"Maués (AM)",151019,63905,236317.971989672,"Baixo"
1303007,"Nhamundá (AM)",39324,21173,185727.105275587,"Baixo"
1303106,"Nova Olinda do Norte (AM)",98037,37378,262285.30151426,"Médio Baixo"
1303205,"Novo Airão (AM)",59774,19454,307258.147424694,"Médio Baixo"
1303304,"Novo Aripuanã (AM)",45826,25644,178700.670722196,"Baixo"
1303403,"Parintins (AM)",420885,114273,368315.350082697,"Médio Alto"
1303502,"Pauini (AM)",29387,19426,151276.639555235,"Muito Baixo"
1303536,"Presidente Figueiredo (AM)",143117,36279,394489.925301138,"Médio Alto"
1303569,"Rio Preto da Eva (AM)",91550,33347,274537.439649744,"Médio Baixo"
1303601,"Santa Isabel do Rio Negro (AM)",27065,25156,107588.646843695,"Muito Baixo"
1303700,"Santo Antônio do Içá (AM)",45996,21602,212924.729191741,"Baixo"
1303809,"São Gabriel da Cachoeira (AM)",165261,45564,362700.816434027,"Médio Alto"
1303908,"São Paulo de Olivença (AM)",61651,39299,156876.765312094,"Muito Baixo"
1303957,"São Sebastião do Uatumã (AM)",24874,14020,177417.974322397,"Muito Baixo"
1304005,"Silves (AM)",25343,9171,276338.458183404,"Médio Baixo"
1304062,"Tabatinga (AM)",238720,65844,362553.915314987,"Médio Alto"
1304104,"Tapauá (AM)",38305,17156,223274.656096992,"Baixo"
1304203,"Tefé (AM)",279247,59849,466585.907868135,"Médio Alto"
1304237,"Tonantins (AM)",36846,18755,196459.610770461,"Baixo"
1304260,"Uarini (AM)",35738,13540,263943.870014771,"Médio Baixo"
1304302,"Urucará (AM)",42722,16256,262807.578740157,"Médio Baixo"
1304401,"Urucurituba (AM)",51463,23065,223121.612833297,"Baixo"
1400027,"Amajari (RR)",15865,12796,123984.057517974,"Muito Baixo"
1400050,"Alto Alegre (RR)",42791,15510,275892.972275951,"Médio Baixo"
1400100,"Boa Vista (RR)",3847036,399213,963654.991195176,"Muito Alto"
1400159,"Bonfim (RR)",26746,12409,215537.110161979,"Baixo"
1400175,"Cantá (RR)",23585,18335,128633.760567221,"Muito Baixo"
1400209,"Caracaraí (RR)",73411,21926,334812.551308948,"Médio Baixo"
1400233,"Caroebe (RR)",37987,10169,373556.888582948,"Médio Alto"
1400282,"Iracema (RR)",28653,11950,239774.058577406,"Baixo"
1400308,"Mucajaí (RR)",63745,17853,357054.83672212,"Médio Alto"
1400407,"Normandia (RR)",22124,11290,195961.027457927,"Baixo"
1400456,"Pacaraima (RR)",46127,17401,265082.466524912,"Médio Baixo"
1400472,"Rorainópolis (RR)",104748,30163,347273.149222557,"Médio Alto"
1400506,"São João da Baliza (RR)",41843,8201,510218.266065114,"Alto"
1400605,"São Luiz (RR)",32878,7986,411695.467067368,"Médio Alto"
1400704,"Uiramutã (RR)",7198,10559,68169.3342172554,"Muito Baixo"
1500107,"Abaetetuba (PA)",681338,157698,432052.403962003,"Médio Alto"
1500131,"Abel Figueiredo (PA)",28123,7434,378302.394404089,"Médio Alto"
1500206,"Acará (PA)",116382,55591,209354.032127503,"Baixo"
1500305,"Afuá (PA)",31522,39218,80376.3577948901,"Muito Baixo"
1500347,"Água Azul do Norte (PA)",43270,27430,157746.992344149,"Muito Baixo"
1500404,"Alenquer (PA)",153316,56789,269974.819067073,"Médio Baixo"
1500503,"Almeirim (PA)",89353,34109,261963.118238588,"Médio Baixo"
1500602,"Altamira (PA)",779009,114594,679799.11688221,"Alto"
1500701,"Anajás (PA)",50792,29277,173487.720736414,"Muito Baixo"
1500800,"Ananindeua (PA)",4094790,530598,771731.141089865,"Muito Alto"
1500859,"Anapu (PA)",65242,27890,233926.138400861,"Baixo"
1500909,"Augusto Corrêa (PA)",89942,45998,195534.588460368,"Baixo"
1500958,"Aurora do Pará (PA)",51809,31338,165323.249728764,"Muito Baixo"
1501006,"Aveiro (PA)",24750,16388,151025.140346595,"Muito Baixo"
1501105,"Bagre (PA)",34902,30673,113787.369999674,"Muito Baixo"
1501204,"Baião (PA)",71041,47446,149730.219618092,"Muito Baixo"
1501253,"Bannach (PA)",11910,3286,362446.743761412,"Médio Alto"
1501303,"Barcarena (PA)",601492,124680,482428.617260186,"Médio Alto"
1501402,"Belém (PA)",19297570,1492745,1292757.30282131,"Muito Alto"
1501451,"Belterra (PA)",53655,17732,302588.540491766,"Médio Baixo"
1501501,"Benevides (PA)",376937,62737,600820.887195754,"Alto"
1501576,"Bom Jesus do Tocantins (PA)",55057,16981,324227.077321713,"Médio Baixo"
1501600,"Bonito (PA)",34754,16286,213398.010561218,"Baixo"
1501709,"Bragança (PA)",499047,127686,390839.246276021,"Médio Alto"
1501725,"Brasil Novo (PA)",74171,15086,491654.514119051,"Médio Alto"
1501758,"Brejo Grande do Araguaia (PA)",27273,7380,369552.845528455,"Médio Alto"
1501782,"Breu Branco (PA)",157775,66046,238886.533628077,"Baixo"
1501808,"Breves (PA)",274549,102701,267328.45834023,"Médio Baixo"
1501907,"Bujaru (PA)",60136,29132,206425.923383221,"Baixo"
1501956,"Cachoeira do Piriá (PA)",30305,33900,89395.2802359882,"Muito Baixo"
1502004,"Cachoeira do Arari (PA)",39508,23767,166230.487650945,"Muito Baixo"
1502103,"Cametá (PA)",305573,137890,221606.352889985,"Baixo"
1502152,"Canaã dos Carajás (PA)",327352,37085,882707.2940542,"Muito Alto"
1502202,"Capanema (PA)",437595,69027,633947.585727324,"Alto"
1502301,"Capitão Poço (PA)",174377,54303,321118.538570613,"Médio Baixo"
1502400,"Castanhal (PA)",1421494,200793,707940.017829307,"Muito Alto"
1502509,"Chaves (PA)",15364,23717,64780.5371674326,"Muito Baixo"
1502608,"Colares (PA)",29782,12085,246437.732726521,"Médio Baixo"
1502707,"Conceição do Araguaia (PA)",219962,47864,459556.242687615,"Médio Alto"
1502756,"Concórdia do Pará (PA)",83881,33318,251758.809052164,"Médio Baixo"
1502764,"Cumaru do Norte (PA)",24172,13473,179410.673198248,"Baixo"
1502772,"Curionópolis (PA)",114804,17929,640325.729265436,"Alto"
1502806,"Curralinho (PA)",49189,34448,142792.034370646,"Muito Baixo"
1502855,"Curuá (PA)",23700,14393,164663.378030987,"Muito Baixo"
1502905,"Curuçá (PA)",104706,40066,261333.799231268,"Médio Baixo"
1502939,"Dom Eliseu (PA)",184990,59719,309767.41070681,"Médio Baixo"
1502954,"Eldorado do Carajás (PA)",126897,33808,375346.071935637,"Médio Alto"
1503002,"Faro (PA)",6472,7194,89963.8587711982,"Muito Baixo"
1503044,"Floresta do Araguaia (PA)",55036,20304,271059.889676911,"Médio Baixo"
1503077,"Garrafão do Norte (PA)",49663,26066,190527.890738894,"Baixo"
1503093,"Goianésia do Pará (PA)",108271,40475,267500.926497838,"Médio Baixo"
1503101,"Gurupá (PA)",53676,33376,160822.147651007,"Muito Baixo"
1503200,"Igarapé-Açu (PA)",110285,38807,284188.419615018,"Médio Baixo"
1503309,"Igarapé-Miri (PA)",142562,62698,227378.86375961,"Baixo"
1503408,"Inhangapi (PA)",27368,11711,233694.816838869,"Baixo"
1503457,"Ipixuna do Pará (PA)",96969,64053,151388.693737998,"Muito Baixo"
1503507,"Irituia (PA)",82843,32550,254509.984639017,"Médio Baixo"
1503606,"Itaituba (PA)",644719,101247,636778.373680208,"Alto"
1503705,"Itupiranga (PA)",174112,53269,326854.267960728,"Médio Baixo"
1503754,"Jacareacanga (PA)",99674,8239,1209782.74062386,"Muito Alto"
1503804,"Jacundá (PA)",233861,59155,395335.981742879,"Médio Alto"
1503903,"Juruti (PA)",132055,57943,227905.010096129,"Baixo"
1504000,"Limoeiro do Ajuru (PA)",46849,28935,161911.180231553,"Muito Baixo"
1504059,"Mãe do Rio (PA)",164892,30077,548232.868969645,"Alto"
1504109,"Magalhães Barata (PA)",18575,8548,217302.29293402,"Baixo"
1504208,"Marabá (PA)",4240308,279349,1517924.88965416,"Muito Alto"
1504307,"Maracanã (PA)",71697,29473,243263.325755776,"Médio Baixo"
1504406,"Marapanim (PA)",69443,28336,245069.875776398,"Médio Baixo"
1504422,"Marituba (PA)",672134,131521,511046.905056987,"Alto"
1504455,"Medicilândia (PA)",87948,31597,278342.880653227,"Médio Baixo"
1504505,"Melgaço (PA)",30567,27654,110533.738338034,"Muito Baixo"
1504604,"Mocajuba (PA)",83752,31136,268987.66700925,"Médio Baixo"
1504703,"Moju (PA)",187670,82094,228603.79564889,"Baixo"
1504752,"Mojuí dos Campos (PA)",16316,16084,101442.427256901,"Muito Baixo"
1504802,"Monte Alegre (PA)",167706,58032,288988.833746898,"Médio Baixo"
1504901,"Muaná (PA)",80173,40349,198698.852511834,"Baixo"
1504950,"Nova Esperança do Piriá (PA)",45650,21368,213637.214526395,"Baixo"
1504976,"Nova Ipixuna (PA)",47052,16678,282120.158292361,"Médio Baixo"
1505007,"Nova Timboteua (PA)",46856,15363,304992.514482848,"Médio Baixo"
1505031,"Novo Progresso (PA)",166529,25762,646413.321947054,"Alto"
1505064,"Novo Repartimento (PA)",200999,75919,264754.541023986,"Médio Baixo"
1505106,"Óbidos (PA)",137850,52137,264399.562690604,"Médio Baixo"
1505205,"Oeiras do Pará (PA)",57746,32512,177614.419291339,"Muito Baixo"
1505304,"Oriximiná (PA)",208512,73096,285257.743241764,"Médio Baixo"
1505403,"Ourém (PA)",55438,17842,310716.287411725,"Médio Baixo"
1505437,"Ourilândia do Norte (PA)",148885,32832,453475.268031189,"Médio Alto"
1505486,"Pacajá (PA)",100760,47706,211210.329937534,"Baixo"
1505494,"Palestina do Pará (PA)",21339,7589,281183.291606272,"Médio Baixo"
1505502,"Paragominas (PA)",682022,113145,602785.805824385,"Alto"
1505536,"Parauapebas (PA)",1692573,208273,812670.389344754,"Muito Alto"
1505551,"Pau D'Arco (PA)",23562,5483,429728.250957505,"Médio Alto"
1505601,"Peixe-Boi (PA)",9015,8077,111613.222731212,"Muito Baixo"
1505635,"Piçarra (PA)",28550,12981,219936.830752638,"Baixo"
1505650,"Placas (PA)",43117,30982,139167.903944226,"Muito Baixo"
1505700,"Ponta de Pedras (PA)",65113,31082,209487.806447462,"Baixo"
1505809,"Portel (PA)",113196,62043,182447.657269958,"Baixo"
1505908,"Porto de Moz (PA)",92690,41135,225331.226449496,"Baixo"
1506005,"Prainha (PA)",54551,29866,182652.514565057,"Baixo"
1506104,"Primavera (PA)",41271,10825,381256.351039261,"Médio Alto"
1506112,"Quatipuru (PA)",25067,13608,184207.818930041,"Baixo"
1506138,"Redenção (PA)",656260,84787,774010.166652907,"Muito Alto"
1506161,"Rio Maria (PA)",113325,18193,622904.413785522,"Alto"
1506187,"Rondon do Pará (PA)",186621,52357,356439.444582386,"Médio Alto"
1506195,"Rurópolis (PA)",80211,50510,158802.217382696,"Muito Baixo"
1506203,"Salinópolis (PA)",255038,40675,627014.136447449,"Alto"
1506302,"Salvaterra (PA)",72051,23752,303347.086561132,"Médio Baixo"
1506351,"Santa Bárbara do Pará (PA)",92027,21079,436581.431756725,"Médio Alto"
1506401,"Santa Cruz do Arari (PA)",26207,10128,258757.898894155,"Médio Baixo"
1506500,"Santa Izabel do Pará (PA)",353724,70801,499603.112950382,"Alto"
1506559,"Santa Luzia do Pará (PA)",55947,19848,281877.267230955,"Médio Baixo"
1506583,"Santa Maria das Barreiras (PA)",15788,21449,73607.1611730151,"Muito Baixo"
1506609,"Santa Maria do Pará (PA)",115892,24861,466159.848759101,"Médio Alto"
1506708,"Santana do Araguaia (PA)",135291,72817,185795.899309227,"Baixo"
1506807,"Santarém (PA)",3706273,304589,1216811.17834196,"Muito Alto"
1506906,"Santarém Novo (PA)",22211,6709,331062.751527798,"Médio Baixo"
1507003,"Santo Antônio do Tauá (PA)",105929,31482,336474.811003113,"Médio Alto"
1507102,"São Caetano de Odivelas (PA)",47542,18050,263390.581717452,"Médio Baixo"
1507151,"São Domingos do Araguaia (PA)",99384,25557,388871.933325508,"Médio Alto"
1507201,"São Domingos do Capim (PA)",64973,31989,203110.444215199,"Baixo"
1507300,"São Félix do Xingu (PA)",214819,128481,167199.041103354,"Muito Baixo"
1507409,"São Francisco do Pará (PA)",46171,15882,290712.756579776,"Médio Baixo"
1507458,"São Geraldo do Araguaia (PA)",71790,24847,288928.240833903,"Médio Baixo"
1507466,"São João da Ponta (PA)",16758,6139,272976.054732041,"Médio Baixo"
1507474,"São João de Pirabas (PA)",67016,23045,290804.946843133,"Médio Baixo"
1507508,"São João do Araguaia (PA)",23820,13996,170191.483280937,"Muito Baixo"
1507607,"São Miguel do Guamá (PA)",221750,58986,375936.662936968,"Médio Alto"
1507706,"São Sebastião da Boa Vista (PA)",70455,26640,264470.720720721,"Médio Baixo"
1507755,"Sapucaia (PA)",25713,5930,433608.768971332,"Médio Alto"
1507805,"Senador José Porfírio (PA)",5930,11658,50866.3578658432,"Muito Baixo"
1507904,"Soure (PA)",104758,25374,412855.679041539,"Médio Alto"
1507953,"Tailândia (PA)",303014,106339,284950.958726337,"Médio Baixo"
1507961,"Terra Alta (PA)",27519,11720,234803.754266212,"Baixo"
1507979,"Terra Santa (PA)",45648,18769,243209.547658373,"Baixo"
1508001,"Tomé-Açu (PA)",198118,63447,312257.474742699,"Médio Baixo"
1508035,"Tracuateua (PA)",38531,30959,124458.15433315,"Muito Baixo"
1508050,"Trairão (PA)",50841,18989,267739.217441677,"Médio Baixo"
1508084,"Tucumã (PA)",243656,39602,615261.855461845,"Alto"
1508100,"Tucuruí (PA)",591639,113659,520538.628705162,"Alto"
1508126,"Ulianópolis (PA)",100256,59210,169322.749535551,"Muito Baixo"
1508159,"Uruará (PA)",164335,45476,361366.43504266,"Médio Alto"
1508209,"Vigia (PA)",208304,53686,388004.32142458,"Médio Alto"
1508308,"Viseu (PA)",92158,61403,150087.129293357,"Muito Baixo"
1508357,"Vitória do Xingu (PA)",125754,15134,830936.963129377,"Muito Alto"
1508407,"Xinguara (PA)",290703,44751,649601.126231816,"Alto"
1600055,"Serra do Navio (AP)",22070,5397,408930.887530109,"Médio Alto"
1600105,"Amapá (AP)",51915,9109,569930.83763311,"Alto"
1600154,"Pedra Branca do Amapari (AP)",40842,16502,247497.273057811,"Médio Baixo"
1600204,"Calçoene (AP)",35031,11117,315111.990644958,"Médio Baixo"
1600212,"Cutias (AP)",17195,5983,287397.626608725,"Médio Baixo"
1600238,"Ferreira Gomes (AP)",23257,7780,298933.161953728,"Médio Baixo"
1600253,"Itaubal (AP)",14186,5503,257786.661820825,"Médio Baixo"
1600279,"Laranjal do Jari (AP)",186061,50410,369095.417575878,"Médio Alto"
1600303,"Macapá (AP)",4408944,503327,875960.16108812,"Muito Alto"
1600402,"Mazagão (AP)",48344,21632,223483.727810651,"Baixo"
1600501,"Oiapoque (AP)",131169,27270,481001.100110011,"Médio Alto"
1600535,"Porto Grande (AP)",69771,21971,317559.510263529,"Médio Baixo"
1600550,"Pracuúba (AP)",10195,5120,199121.09375,"Baixo"
1600600,"Santana (AP)",727025,121364,599045.02158795,"Alto"
1600709,"Tartarugalzinho (AP)",34430,17315,198844.932139763,"Baixo"
1600808,"Vitória do Jari (AP)",38118,15931,239269.349067855,"Baixo"
1700251,"Abreulândia (TO)",11945,2579,463164.017060876,"Médio Alto"
1700301,"Aguiarnópolis (TO)",15356,6733,228070.696569137,"Baixo"
1700350,"Aliança do Tocantins (TO)",30453,5390,564990.723562152,"Alto"
1700400,"Almas (TO)",29350,7055,416017.009213324,"Médio Alto"
1700707,"Alvorada (TO)",60427,8412,718342.843556824,"Muito Alto"
1701002,"Ananás (TO)",52974,9549,554759.660697455,"Alto"
1701051,"Angico (TO)",12349,3433,359714.535391786,"Médio Alto"
1701101,"Aparecida do Rio Negro (TO)",21831,4795,455286.757038582,"Médio Alto"
1701309,"Aragominas (TO)",18090,5758,314171.587356721,"Médio Baixo"
1701903,"Araguacema (TO)",23025,7086,324936.49449619,"Médio Baixo"
1702000,"Araguaçu (TO)",43386,8517,509404.719971821,"Alto"
1702109,"Araguaína (TO)",1393635,180470,772225.300603978,"Muito Alto"
1702158,"Araguanã (TO)",21996,5729,383941.351021121,"Médio Alto"
1702208,"Araguatins (TO)",151290,35761,423058.639299796,"Médio Alto"
1702307,"Arapoema (TO)",41590,6643,626072.557579407,"Alto"
1702406,"Arraias (TO)",28483,10567,269546.701996782,"Médio Baixo"
1702554,"Augustinópolis (TO)",92296,18412,501281.772756898,"Alto"
1702703,"Aurora do Tocantins (TO)",11956,3757,318232.632419484,"Médio Baixo"
1702901,"Axixá do Tocantins (TO)",45825,9756,469710.947109471,"Médio Alto"
1703008,"Babaçulândia (TO)",27162,10664,254707.426856714,"Médio Baixo"
1703057,"Bandeirantes do Tocantins (TO)",11411,3553,321165.212496482,"Médio Baixo"
1703073,"Barra do Ouro (TO)",12354,4591,269091.701154433,"Médio Baixo"
1703107,"Barrolândia (TO)",28065,5632,498313.210227273,"Alto"
1703206,"Bernardo Sayão (TO)",16973,4459,380645.884727517,"Médio Alto"
1703305,"Bom Jesus do Tocantins (TO)",10060,4894,205557.825909277,"Baixo"
1703602,"Brasilândia do Tocantins (TO)",9412,2201,427623.807360291,"Médio Alto"
1703701,"Brejinho de Nazaré (TO)",26394,5497,480152.810623977,"Médio Alto"
1703800,"Buriti do Tocantins (TO)",31367,11348,276409.940077547,"Médio Baixo"
1703826,"Cachoeirinha (TO)",8148,2275,358153.846153846,"Médio Alto"
1703842,"Campos Lindos (TO)",34034,10116,336437.327006722,"Médio Baixo"
1703867,"Cariri do Tocantins (TO)",21844,4382,498493.838429941,"Alto"
1703883,"Carmolândia (TO)",16657,2580,645620.15503876,"Alto"
1703891,"Carrasco Bonito (TO)",7089,4095,173113.553113553,"Muito Baixo"
1703909,"Caseara (TO)",23725,5369,441888.619854722,"Médio Alto"
1704105,"Centenário (TO)",6746,2905,232220.309810671,"Baixo"
1704600,"Chapada de Areia (TO)",3194,1406,227169.274537696,"Baixo"
1705102,"Chapada da Natividade (TO)",9488,3333,284668.466846685,"Médio Baixo"
1705508,"Colinas do Tocantins (TO)",233403,35424,658883.807588076,"Alto"
1705557,"Combinado (TO)",24144,4852,497609.233305853,"Alto"
1705607,"Conceição do Tocantins (TO)",15084,4105,367454.323995128,"Médio Alto"
1706001,"Couto Magalhães (TO)",18706,5588,334753.042233357,"Médio Baixo"
1706100,"Cristalândia (TO)",40808,7289,559857.319248182,"Alto"
1706258,"Crixás do Tocantins (TO)",6992,1722,406039.488966318,"Médio Alto"
1706506,"Darcinópolis (TO)",23331,6097,382663.605051665,"Médio Alto"
1707009,"Dianópolis (TO)",111083,22139,501752.563349745,"Alto"
1707108,"Divinópolis do Tocantins (TO)",33699,6900,488391.304347826,"Médio Alto"
1707207,"Dois Irmãos do Tocantins (TO)",22026,7198,306001.667129758,"Médio Baixo"
1707306,"Dueré (TO)",19482,4686,415749.039692702,"Médio Alto"
1707405,"Esperantina (TO)",21065,10996,191569.661695162,"Baixo"
1707553,"Fátima (TO)",22780,3835,594002.60756193,"Alto"
1707652,"Figueirópolis (TO)",30127,5263,572430.172905187,"Alto"
1707702,"Filadélfia (TO)",22887,8856,258434.959349593,"Médio Baixo"
1708205,"Formoso do Araguaia (TO)",95648,18440,518698.481561822,"Alto"
1708254,"Fortaleza do Tabocão (TO)",23570,2589,910390.11201236,"Muito Alto"
1708304,"Goianorte (TO)",21265,5123,415088.815147375,"Médio Alto"
1709005,"Goiatins (TO)",36139,13019,277586.604193871,"Médio Baixo"
1709302,"Guaraí (TO)",186831,25923,720715.195000579,"Muito Alto"
1709500,"Gurupi (TO)",724288,86647,835906.609576789,"Muito Alto"
1709807,"Ipueiras (TO)",5885,2015,292059.553349876,"Médio Baixo"
1710508,"Itacajá (TO)",33378,7433,449051.526974304,"Médio Alto"
1710706,"Itaguatins (TO)",17359,5864,296026.603001364,"Médio Baixo"
1710904,"Itapiratins (TO)",10290,3777,272438.443208896,"Médio Baixo"
1711100,"Itaporã do Tocantins (TO)",11884,2427,489658.014009065,"Médio Alto"
1711506,"Jaú do Tocantins (TO)",13021,3849,338295.661210704,"Médio Alto"
1711803,"Juarina (TO)",12461,2193,568217.054263566,"Alto"
1711902,"Lagoa da Confusão (TO)",55252,13357,413655.761024182,"Médio Alto"
1711951,"Lagoa do Tocantins (TO)",12810,4316,296802.594995366,"Médio Baixo"
1712009,"Lajeado (TO)",22038,3134,703190.810465858,"Muito Alto"
1712157,"Lavandeira (TO)",5224,1923,271658.866354654,"Médio Baixo"
1712405,"Lizarda (TO)",9886,3740,264331.550802139,"Médio Baixo"
1712454,"Luzinópolis (TO)",10910,3108,351029.601029601,"Médio Alto"
1712504,"Marianópolis do Tocantins (TO)",20124,5175,388869.565217391,"Médio Alto"
1712702,"Mateiros (TO)",9310,2684,346870.342771982,"Médio Alto"
1712801,"Maurilândia do Tocantins (TO)",11261,3426,328692.352597782,"Médio Baixo"
1713205,"Miracema do Tocantins (TO)",116413,18248,637949.364313897,"Alto"
1713304,"Miranorte (TO)",87342,13434,650156.319785619,"Alto"
1713601,"Monte do Carmo (TO)",17894,7947,225166.729583491,"Baixo"
1713700,"Monte Santo do Tocantins (TO)",7318,2279,321105.748135147,"Médio Baixo"
1713809,"Palmeiras do Tocantins (TO)",18345,6658,275533.193151096,"Médio Baixo"
1713957,"Muricilândia (TO)",12136,3551,341762.883694734,"Médio Alto"
1714203,"Natividade (TO)",47333,9244,512040.242319342,"Alto"
1714302,"Nazaré (TO)",13969,3898,358363.263211904,"Médio Alto"
1714880,"Nova Olinda (TO)",54829,11819,463905.575767831,"Médio Alto"
1715002,"Nova Rosalândia (TO)",16337,4260,383497.65258216,"Médio Alto"
1715101,"Novo Acordo (TO)",19302,4342,444541.685859051,"Médio Alto"
1715150,"Novo Alegre (TO)",8099,2332,347298.45626072,"Médio Alto"
1715259,"Novo Jardim (TO)",8147,2722,299301.983835415,"Médio Baixo"
1715507,"Oliveira de Fátima (TO)",5438,1112,489028.776978417,"Médio Alto"
1715705,"Palmeirante (TO)",11980,6026,198805.17756389,"Baixo"
1715754,"Palmeirópolis (TO)",41128,7659,536989.16307612,"Alto"
1716109,"Paraíso do Tocantins (TO)",419981,51252,819443.143682198,"Muito Alto"
1716208,"Paranã (TO)",45388,10449,434376.495358407,"Médio Alto"
1716307,"Pau D'Arco (TO)",6163,4849,127098.370798103,"Muito Baixo"
1716505,"Pedro Afonso (TO)",99753,13578,734666.37207247,"Muito Alto"
1716604,"Peixe (TO)",36528,11749,310903.055579198,"Médio Baixo"
1716653,"Pequizeiro (TO)",19490,5477,355851.743655286,"Médio Alto"
1716703,"Colméia (TO)",51401,8205,626459.475929311,"Alto"
1717008,"Pindorama do Tocantins (TO)",16133,4447,362783.899257927,"Médio Alto"
1717206,"Piraquê (TO)",9624,3028,317833.553500661,"Médio Baixo"
1717503,"Pium (TO)",25905,7654,338450.483407369,"Médio Alto"
1717800,"Ponte Alta do Bom Jesus (TO)",13498,4596,293690.165361184,"Médio Baixo"
1717909,"Ponte Alta do Tocantins (TO)",26327,8039,327490.981465356,"Médio Baixo"
1718006,"Porto Alegre do Tocantins (TO)",10054,3139,320293.086970373,"Médio Baixo"
1718204,"Porto Nacional (TO)",422237,53010,796523.297491039,"Muito Alto"
1718303,"Praia Norte (TO)",17580,8432,208491.461100569,"Baixo"
1718402,"Presidente Kennedy (TO)",16969,3684,460613.463626493,"Médio Alto"
1718451,"Pugmil (TO)",10775,2688,400855.654761905,"Médio Alto"
1718501,"Recursolândia (TO)",9791,4293,228068.949452597,"Baixo"
1718550,"Riachinho (TO)",12492,4645,268934.337997847,"Médio Baixo"
1718659,"Rio da Conceição (TO)",6416,2130,301220.657276995,"Médio Baixo"
1718709,"Rio dos Bois (TO)",9778,2834,345024.700070572,"Médio Alto"
1718758,"Rio Sono (TO)",13232,6478,204260.574251312,"Baixo"
1718808,"Sampaio (TO)",12916,4711,274166.843557631,"Médio Baixo"
1718840,"Sandolândia (TO)",15066,3375,446400,"Médio Alto"
1718865,"Santa Fé do Araguaia (TO)",30730,7512,409078.807241747,"Médio Alto"
1718881,"Santa Maria do Tocantins (TO)",9841,3434,286575.422248107,"Médio Baixo"
1718899,"Santa Rita do Tocantins (TO)",8758,2365,370317.124735729,"Médio Alto"
1718907,"Santa Rosa do Tocantins (TO)",19517,4829,404162.352453924,"Médio Alto"
1719004,"Santa Tereza do Tocantins (TO)",10744,2866,374877.878576413,"Médio Alto"
1720002,"Santa Terezinha do Tocantins (TO)",6990,2529,276393.831553974,"Médio Baixo"
1720101,"São Bento do Tocantins (TO)",16607,5324,311927.122464313,"Médio Baixo"
1720150,"São Félix do Tocantins (TO)",5215,1585,329022.082018927,"Médio Baixo"
1720200,"São Miguel do Tocantins (TO)",18292,12139,150687.865557295,"Muito Baixo"
1720259,"São Salvador do Tocantins (TO)",9800,3082,317975.340687865,"Médio Baixo"
1720309,"São Sebastião do Tocantins (TO)",11540,4805,240166.493236212,"Baixo"
1720499,"São Valério (TO)",20123,3960,508156.565656566,"Alto"
1720655,"Silvanópolis (TO)",29077,5403,538163.982972423,"Alto"
1720804,"Sítio Novo do Tocantins (TO)",35214,9029,390009.967881271,"Médio Alto"
1720853,"Sucupira (TO)",9160,1966,465920.651068159,"Médio Alto"
1720903,"Taguatinga (TO)",60672,16683,363675.597914044,"Médio Alto"
1720937,"Taipas do Tocantins (TO)",6699,2148,311871.508379888,"Médio Baixo"
1720978,"Talismã (TO)",14872,2793,532474.042248478,"Alto"
1721000,"Palmas (TO)",4651855,299127,1555143.80179656,"Muito Alto"
1721109,"Tocantínia (TO)",25620,7545,339562.624254473,"Médio Alto"
1721208,"Tocantinópolis (TO)",104100,22870,455181.460428509,"Médio Alto"
1721257,"Tupirama (TO)",5061,1891,267636.171337916,"Médio Baixo"
1721307,"Tupiratins (TO)",10453,2671,391351.553725197,"Médio Alto"
1722081,"Wanderlândia (TO)",35665,11683,305272.618334332,"Médio Baixo"
1722107,"Xambioá (TO)",60519,11540,524428.076256499,"Alto"
2100055,"Açailândia (MA)",644808,112445,573443.016585886,"Alto"
2100204,"Alcântara (MA)",53780,22097,243381.454496085,"Médio Baixo"
2100402,"Altamira do Maranhão (MA)",20876,8128,256840.551181102,"Médio Baixo"
2100436,"Alto Alegre do Maranhão (MA)",71459,27053,264144.457176653,"Médio Baixo"
2100477,"Alto Alegre do Pindaré (MA)",61259,31919,191920.172937749,"Baixo"
2100501,"Alto Parnaíba (MA)",29753,11190,265889.186773905,"Médio Baixo"
2100550,"Amapá do Maranhão (MA)",20878,6962,299885.090491238,"Médio Baixo"
2100600,"Amarante do Maranhão (MA)",96439,41435,232747.67708459,"Baixo"
2100709,"Anajatuba (MA)",53908,26803,201126.739544081,"Baixo"
2100832,"Apicum-Açu (MA)",18263,17239,105940.019722722,"Muito Baixo"
2100873,"Araguanã (MA)",24292,15426,157474.393880462,"Muito Baixo"
2100956,"Arame (MA)",75068,32701,229558.729090853,"Baixo"
2101004,"Arari (MA)",111450,29848,373391.852050389,"Médio Alto"
2101103,"Axixá (MA)",37520,12130,309315.746084089,"Médio Baixo"
2101202,"Bacabal (MA)",639735,104949,609567.504216334,"Alto"
2101251,"Bacabeira (MA)",55475,17055,325271.181471709,"Médio Baixo"
2101301,"Bacuri (MA)",37292,18582,200688.83866107,"Baixo"
2101350,"Bacurituba (MA)",12901,5644,228579.021970234,"Baixo"
2101400,"Balsas (MA)",688821,94887,725938.221252648,"Muito Alto"
2101608,"Barra do Corda (MA)",354599,88212,401984.990704213,"Médio Alto"
2101772,"Bela Vista do Maranhão (MA)",37264,11209,332447.140690517,"Médio Baixo"
2101806,"Benedito Leite (MA)",4266,5632,75745.7386363636,"Muito Baixo"
2101905,"Bequimão (MA)",44726,21280,210178.571428571,"Baixo"
2101939,"Bernardo do Mearim (MA)",14342,6043,237332.450769485,"Baixo"
2101970,"Boa Vista do Gurupi (MA)",24255,9287,261171.530095833,"Médio Baixo"
2102002,"Bom Jardim (MA)",114713,41630,275553.687244775,"Médio Baixo"
2102036,"Bom Jesus das Selvas (MA)",91384,34028,268555.307393911,"Médio Baixo"
2102077,"Bom Lugar (MA)",24124,16294,148054.498588437,"Muito Baixo"
2102150,"Brejo de Areia (MA)",15687,9188,170733.565520244,"Muito Baixo"
2102309,"Buriti Bravo (MA)",69263,23884,289997.48785798,"Médio Baixo"
2102325,"Buriticupu (MA)",204636,72358,282810.470162249,"Médio Baixo"
2102358,"Buritirana (MA)",27505,15430,178256.642903435,"Muito Baixo"
2102374,"Cachoeira Grande (MA)",16852,9431,178687.307814654,"Baixo"
2102408,"Cajapió (MA)",28797,11177,257645.164176434,"Médio Baixo"
2102507,"Cajari (MA)",28807,19379,148650.601166211,"Muito Baixo"
2102556,"Campestre do Maranhão (MA)",55308,14374,384778.071518019,"Médio Alto"
2102606,"Cândido Mendes (MA)",42945,20178,212830.80582813,"Baixo"
2102705,"Cantanhede (MA)",46777,21995,212671.06160491,"Baixo"
2102754,"Capinzal do Norte (MA)",28119,10934,257170.294494238,"Médio Baixo"
2102804,"Carolina (MA)",86956,24322,357519.940794343,"Médio Alto"
2102903,"Carutapera (MA)",61742,23807,259343.890452388,"Médio Baixo"
2103000,"Caxias (MA)",768502,164880,466097.768073751,"Médio Alto"
2103109,"Cedral (MA)",26467,10675,247934.426229508,"Médio Baixo"
2103125,"Central do Maranhão (MA)",16433,8673,189473.07736654,"Baixo"
2103158,"Centro do Guilherme (MA)",30073,13458,223458.16614653,"Baixo"
2103174,"Centro Novo do Maranhão (MA)",33225,21622,153662.935898622,"Muito Baixo"
2103257,"Cidelândia (MA)",46524,14697,316554.39885691,"Médio Baixo"
2103307,"Codó (MA)",410218,122859,333893.324868345,"Médio Baixo"
2103505,"Colinas (MA)",163692,41178,397522.949147603,"Médio Alto"
2103554,"Conceição do Lago-Açu (MA)",28031,16237,172636.570795098,"Muito Baixo"
2103604,"Coroatá (MA)",208470,65296,319269.174222004,"Médio Baixo"
2103703,"Cururupu (MA)",95452,32695,291946.780853342,"Médio Baixo"
2103752,"Davinópolis (MA)",54994,12908,426045.863030679,"Médio Alto"
2103802,"Dom Pedro (MA)",96770,23350,414432.548179872,"Médio Alto"
2104008,"Esperantinópolis (MA)",67945,17241,394089.669972739,"Médio Alto"
2104057,"Estreito (MA)",164334,41946,391775.139465026,"Médio Alto"
2104073,"Feira Nova do Maranhão (MA)",19036,8504,223847.601128881,"Baixo"
2104081,"Fernando Falcão (MA)",9264,10360,89420.8494208494,"Muito Baixo"
2104099,"Formosa da Serra Negra (MA)",39583,19089,207360.259835507,"Baixo"
2104107,"Fortaleza dos Nogueiras (MA)",49780,12631,394109.730029293,"Médio Alto"
2104206,"Fortuna (MA)",40822,15552,262487.139917695,"Médio Baixo"
2104305,"Godofredo Viana (MA)",27367,11819,231550.89263051,"Baixo"
2104404,"Gonçalves Dias (MA)",46388,17934,258659.529385525,"Médio Baixo"
2104503,"Governador Archer (MA)",28515,10840,263053.505535055,"Médio Baixo"
2104552,"Governador Edison Lobão (MA)",65188,18296,356296.458242239,"Médio Alto"
2104602,"Governador Eugênio Barros (MA)",36704,16828,218112.669360589,"Baixo"
2104628,"Governador Luiz Rocha (MA)",16029,7807,205315.742282567,"Baixo"
2104651,"Governador Newton Bello (MA)",23123,10180,227141.453831041,"Baixo"
2104677,"Governador Nunes Freire (MA)",84498,25577,330367.126715408,"Médio Baixo"
2104701,"Graça Aranha (MA)",14474,6262,231140.210795273,"Baixo"
2104800,"Grajaú (MA)",261376,69527,375934.529031887,"Médio Alto"
2104909,"Guimarães (MA)",39273,12030,326458.85286783,"Médio Baixo"
2105104,"Icatu (MA)",49672,27113,183203.629255339,"Baixo"
2105153,"Igarapé do Meio (MA)",39418,14177,278041.89885025,"Médio Baixo"
2105203,"Igarapé Grande (MA)",38824,11320,342968.197879859,"Médio Alto"
2105302,"Imperatriz (MA)",5135648,258682,1985313.24174082,"Muito Alto"
2105351,"Itaipava do Grajaú (MA)",28515,16057,177586.099520458,"Muito Baixo"
2105401,"Itapecuru Mirim (MA)",250307,68203,367002.917760216,"Médio Alto"
2105427,"Itinga do Maranhão (MA)",102349,26000,393650,"Médio Alto"
2105450,"Jatobá (MA)",11262,10153,110922.879936964,"Muito Baixo"
2105476,"Jenipapo dos Vieiras (MA)",18054,16515,109318.801089918,"Muito Baixo"
2105500,"João Lisboa (MA)",111493,23632,471788.253215978,"Médio Alto"
2105609,"Joselândia (MA)",36954,16168,228562.592775854,"Baixo"
2105658,"Junco do Maranhão (MA)",16255,3432,473630.536130536,"Médio Alto"
2105708,"Lago da Pedra (MA)",205694,50266,409210.997493335,"Médio Alto"
2105807,"Lago do Junco (MA)",24926,10840,229944.649446494,"Baixo"
2105906,"Lago Verde (MA)",42067,16257,258762.379282771,"Médio Baixo"
2105948,"Lago dos Rodrigues (MA)",26436,8873,297937.563394568,"Médio Baixo"
2105963,"Lagoa Grande do Maranhão (MA)",28256,11394,247990.170265052,"Médio Baixo"
2105989,"Lajeado Novo (MA)",23878,7550,316264.900662252,"Médio Baixo"
2106003,"Lima Campos (MA)",38538,11893,324039.350878668,"Médio Baixo"
2106102,"Loreto (MA)",35592,12157,292769.597762606,"Médio Baixo"
2106201,"Luís Domingues (MA)",21988,6951,316328.585814991,"Médio Baixo"
2106326,"Maracaçumé (MA)",78077,21395,364931.058658565,"Médio Alto"
2106359,"Marajá do Sena (MA)",8288,7792,106365.503080082,"Muito Baixo"
2106375,"Maranhãozinho (MA)",72967,16265,448613.587457731,"Médio Alto"
2106508,"Matinha (MA)",62391,23370,266970.474967908,"Médio Baixo"
2106631,"Matões do Norte (MA)",17974,16745,107339.504329651,"Muito Baixo"
2106706,"Mirador (MA)",53632,21015,255208.184630026,"Médio Baixo"
2106755,"Miranda do Norte (MA)",91597,28381,322740.565871534,"Médio Baixo"
2106805,"Mirinzal (MA)",53916,14962,360352.893998129,"Médio Alto"
2106904,"Monção (MA)",63628,33434,190309.26601663,"Baixo"
2107001,"Montes Altos (MA)",32799,9160,358067.68558952,"Médio Alto"
2107100,"Morros (MA)",51151,19433,263217.20784233,"Médio Baixo"
2107258,"Nova Colinas (MA)",14518,5384,269650.817236256,"Médio Baixo"
2107308,"Nova Iorque (MA)",9014,4683,192483.450779415,"Baixo"
2107357,"Nova Olinda do Maranhão (MA)",54086,20928,258438.455657492,"Médio Baixo"
2107407,"Olho d'Água das Cunhãs (MA)",14660,19505,75160.2153294027,"Muito Baixo"
2107456,"Olinda Nova do Maranhão (MA)",32738,14701,222692.33385484,"Baixo"
2107506,"Paço do Lumiar (MA)",764779,122197,625857.426941742,"Alto"
2107605,"Palmeirândia (MA)",35293,19722,178952.43890072,"Baixo"
2107704,"Paraibano (MA)",81696,21386,382006.920415225,"Médio Alto"
2108009,"Pastos Bons (MA)",64239,19472,329904.478225144,"Médio Baixo"
2108108,"Paulo Ramos (MA)",59715,21040,283816.539923954,"Médio Baixo"
2108207,"Pedreiras (MA)",258204,39229,658196.742206021,"Alto"
2108256,"Pedro do Rosário (MA)",33152,25144,131848.55233853,"Muito Baixo"
2108306,"Penalva (MA)",70973,38470,184489.212373278,"Baixo"
2108405,"Peri Mirim (MA)",27523,14318,192226.567956418,"Baixo"
2108454,"Peritoró (MA)",47345,23196,204108.466977065,"Baixo"
2108504,"Pindaré-Mirim (MA)",61544,32941,186831.000880362,"Baixo"
2108603,"Pinheiro (MA)",462245,83387,554337.006967513,"Alto"
2108702,"Pio XII (MA)",70028,21485,325939.027228299,"Médio Baixo"
2108801,"Pirapemas (MA)",37550,18625,201610.738255034,"Baixo"
2108900,"Poção de Pedras (MA)",55477,17873,310395.568734963,"Médio Baixo"
2109007,"Porto Franco (MA)",122839,23885,514293.489637848,"Alto"
2109056,"Porto Rico do Maranhão (MA)",11297,5975,189071.129707113,"Baixo"
2109106,"Presidente Dutra (MA)",236206,47804,494113.46330851,"Médio Alto"
2109205,"Presidente Juscelino (MA)",29821,12734,234184.074132244,"Baixo"
2109239,"Presidente Médici (MA)",20347,7015,290049.893086244,"Médio Baixo"
2109270,"Presidente Sarney (MA)",26019,18918,137535.680304472,"Muito Baixo"
2109304,"Presidente Vargas (MA)",23993,11193,214357.187527919,"Baixo"
2109452,"Raposa (MA)",181532,30761,590136.861610481,"Alto"
2109502,"Riachão (MA)",73554,20195,364218.866055954,"Médio Alto"
2109551,"Ribamar Fiquene (MA)",28248,7791,362572.198690797,"Médio Alto"
2109601,"Rosário (MA)",157793,42740,369192.793635938,"Médio Alto"
2109700,"Sambaíba (MA)",15129,5671,266778.345970728,"Médio Baixo"
2109759,"Santa Filomena do Maranhão (MA)",11175,7773,143766.885372443,"Muito Baixo"
2109809,"Santa Helena (MA)",104564,42130,248193.686209352,"Médio Baixo"
2109908,"Santa Inês (MA)",534537,89044,600306.590000449,"Alto"
2110005,"Santa Luzia (MA)",206018,72667,283509.708671061,"Médio Baixo"
2110039,"Santa Luzia do Paruá (MA)",105991,25254,419699.849528788,"Médio Alto"
2110203,"Santa Rita (MA)",124754,37855,329557.522123894,"Médio Baixo"
2110302,"Santo Antônio dos Lopes (MA)",45240,14528,311398.678414097,"Médio Baixo"
2110500,"São Bento (MA)",131255,45211,290316.51589215,"Médio Baixo"
2110658,"São Domingos do Azeitão (MA)",22922,7392,310091.991341991,"Médio Baixo"
2110708,"São Domingos do Maranhão (MA)",107540,34376,312834.535722597,"Médio Baixo"
2110807,"São Félix de Balsas (MA)",12312,4585,268527.808069793,"Médio Baixo"
2110856,"São Francisco do Brejão (MA)",33637,11798,285107.645363621,"Médio Baixo"
2111003,"São João Batista (MA)",44203,20665,213902.734091459,"Baixo"
2111029,"São João do Carú (MA)",29655,15808,187594.888663968,"Baixo"
2111052,"São João do Paraíso (MA)",38155,11177,341370.671915541,"Médio Alto"
2111078,"São João do Soter (MA)",22547,18543,121593.053982635,"Muito Baixo"
2111201,"São José de Ribamar (MA)",1265557,177687,712239.499794583,"Muito Alto"
2111250,"São José dos Basílios (MA)",13434,7641,175814.683941892,"Muito Baixo"
2111300,"São Luís (MA)",14225170,1101884,1290986.16551289,"Muito Alto"
2111409,"São Luís Gonzaga do Maranhão (MA)",53596,18856,284238.438693254,"Médio Baixo"
2111508,"São Mateus do Maranhão (MA)",161642,41529,389226.805364926,"Médio Alto"
2111532,"São Pedro da Água Branca (MA)",44320,12690,349251.379038613,"Médio Alto"
2111573,"São Pedro dos Crentes (MA)",17381,4668,372343.616109683,"Médio Alto"
2111607,"São Raimundo das Mangabeiras (MA)",78779,18868,417527.02989188,"Médio Alto"
2111631,"São Raimundo do Doca Bezerra (MA)",10611,5237,202616.001527592,"Baixo"
2111672,"São Roberto (MA)",10333,6719,153787.766036613,"Muito Baixo"
2111706,"São Vicente Ferrer (MA)",50227,22247,225769.766710118,"Baixo"
2111722,"Satubinha (MA)",17500,13914,125772.603133535,"Muito Baixo"
2111748,"Senador Alexandre Costa (MA)",20465,11141,183690.871555516,"Baixo"
2111763,"Senador La Rocque (MA)",61538,14293,430546.421325124,"Médio Alto"
2111789,"Serrano do Maranhão (MA)",12118,10253,118189.798107871,"Muito Baixo"
2111805,"Sítio Novo (MA)",47243,18081,261285.327138986,"Médio Baixo"
2111904,"Sucupira do Norte (MA)",22481,10636,211367.055283941,"Baixo"
2112001,"Tasso Fragoso (MA)",27381,8521,321335.523999531,"Médio Baixo"
2112100,"Timbiras (MA)",60268,29124,206935.860458728,"Baixo"
2112233,"Trizidela do Vale (MA)",70868,21998,322156.559687244,"Médio Baixo"
2112274,"Tufilândia (MA)",14636,5840,250616.438356164,"Médio Baixo"
2112308,"Tuntum (MA)",93191,41832,222774.431057564,"Baixo"
2112407,"Turiaçu (MA)",64180,35604,180260.644871363,"Baixo"
2112456,"Turilândia (MA)",54443,25619,212510.246301573,"Baixo"
2112704,"Vargem Grande (MA)",114194,56510,202077.508405592,"Baixo"
2112803,"Viana (MA)",194159,52441,370242.748994108,"Médio Alto"
2112852,"Vila Nova dos Martírios (MA)",28618,13392,213694.743130227,"Baixo"
2112902,"Vitória do Mearim (MA)",103829,32764,316899.645952875,"Médio Baixo"
2113009,"Vitorino Freire (MA)",106465,31523,337737.524981759,"Médio Alto"
2114007,"Zé Doca (MA)",209570,51714,405248.095293344,"Médio Alto"
5100102,"Acorizal (MT)",26476,5399,490387.108723838,"Médio Alto"
5100201,"Água Boa (MT)",185571,25721,721476.614439563,"Muito Alto"
5100250,"Alta Floresta (MT)",495367,51782,956639.372755011,"Muito Alto"
5100300,"Alto Araguaia (MT)",104218,19044,547248.47721067,"Alto"
5100359,"Alto Boa Vista (MT)",35135,6822,515024.919378481,"Alto"
5100409,"Alto Garças (MT)",81509,12030,677547.797173732,"Alto"
5100508,"Alto Paraguai (MT)",39895,11356,351312.081718915,"Médio Alto"
5100607,"Alto Taquari (MT)",65372,10847,602673.550290403,"Alto"
5100805,"Apiacás (MT)",46966,10133,463495.509720715,"Médio Alto"
5101001,"Araguaiana (MT)",23686,3100,764064.516129032,"Muito Alto"
5101209,"Araguainha (MT)",4619,935,494010.695187166,"Médio Alto"
5101258,"Araputanga (MT)",108867,16822,647170.372131732,"Alto"
5101308,"Arenápolis (MT)",77383,9607,805485.58342875,"Muito Alto"
5101407,"Aripuanã (MT)",107695,22354,481770.600339984,"Médio Alto"
5101605,"Barão de Melgaço (MT)",20117,8564,234901.914992994,"Baixo"
5101704,"Barra do Bugres (MT)",234734,34966,671320.711548361,"Alto"
5101803,"Barra do Garças (MT)",1211403,61012,1985515.96407264,"Muito Alto"
5101852,"Bom Jesus do Araguaia (MT)",40897,6580,621534.954407295,"Alto"
5101902,"Brasnorte (MT)",83423,19695,423574.511297284,"Médio Alto"
5102504,"Cáceres (MT)",651726,94376,690563.278799695,"Muito Alto"
5102603,"Campinápolis (MT)",41856,15980,261927.409261577,"Médio Baixo"
5102637,"Campo Novo do Parecis (MT)",270065,35360,763758.484162896,"Muito Alto"
5102678,"Campo Verde (MT)",312501,44041,709568.356758475,"Muito Alto"
5102686,"Campos de Júlio (MT)",57787,6891,838586.562182557,"Muito Alto"
5102694,"Canabrava do Norte (MT)",25658,4743,540965.633565254,"Alto"
5102702,"Canarana (MT)",148836,21579,689726.122619213,"Muito Alto"
5102793,"Carlinda (MT)",58944,10305,571994.177583697,"Alto"
5102850,"Castanheira (MT)",34056,8729,390147.783251232,"Médio Alto"
5103007,"Chapada dos Guimarães (MT)",112745,19752,570802.956662616,"Alto"
5103056,"Cláudia (MT)",74288,12149,611474.195407029,"Alto"
5103106,"Cocalinho (MT)",20934,5700,367263.157894737,"Médio Alto"
5103205,"Colíder (MT)",264271,33438,790331.359531072,"Muito Alto"
5103254,"Colniza (MT)",108978,38582,282458.141102068,"Médio Baixo"
5103304,"Comodoro (MT)",129210,20763,622308.914896691,"Alto"
5103353,"Confresa (MT)",197870,30933,639672.841302169,"Alto"
5103361,"Conquista D'Oeste (MT)",13334,4038,330212.976721149,"Médio Baixo"
5103379,"Cotriguaçu (MT)",40887,19750,207022.784810127,"Baixo"
5103403,"Cuiabá (MT)",9281028,612547,1515153.61270237,"Muito Alto"
5103437,"Curvelândia (MT)",29153,5219,558593.600306572,"Alto"
5103452,"Denise (MT)",52059,9462,550190.234622701,"Alto"
5103502,"Diamantino (MT)",168546,22041,764693.072002178,"Muito Alto"
5103601,"Dom Aquino (MT)",42391,8178,518354.120811934,"Alto"
5103700,"Feliz Natal (MT)",58636,14192,413162.344983089,"Médio Alto"
5103809,"Figueirópolis D'Oeste (MT)",19295,3494,552232.398397252,"Alto"
5103858,"Gaúcha do Norte (MT)",30001,7648,392272.489539749,"Médio Alto"
5103908,"General Carneiro (MT)",18804,5540,339422.38267148,"Médio Alto"
5103957,"Glória D'Oeste (MT)",12642,3026,417779.246530073,"Médio Alto"
5104104,"Guarantã do Norte (MT)",212610,35816,593617.377708287,"Alto"
5104203,"Guiratinga (MT)",61251,15141,404537.348920151,"Médio Alto"
5104500,"Indiavaí (MT)",9127,2752,331649.709302326,"Médio Baixo"
5104526,"Ipiranga do Norte (MT)",32442,7667,423138.124429373,"Médio Alto"
5104542,"Itanhangá (MT)",42350,6737,628618.079263767,"Alto"
5104559,"Itaúba (MT)",32210,3802,847185.691741189,"Muito Alto"
5104609,"Itiquira (MT)",46966,13345,351937.055076808,"Médio Alto"
5104807,"Jaciara (MT)",221712,27776,798214.285714286,"Muito Alto"
5104906,"Jangada (MT)",33982,8409,404114.639077179,"Médio Alto"
5105002,"Jauru (MT)",55179,8793,627533.265097236,"Alto"
5105101,"Juara (MT)",267377,34974,764502.201635501,"Muito Alto"
5105150,"Juína (MT)",326533,40997,796480.230260751,"Muito Alto"
5105176,"Juruena (MT)",58856,15865,370980.144973211,"Médio Alto"
5105200,"Juscimeira (MT)",58080,11221,517600.926833616,"Alto"
5105234,"Lambari D'Oeste (MT)",24877,6121,406420.519522954,"Médio Alto"
5105259,"Lucas do Rio Verde (MT)",566027,65534,863715.018158513,"Muito Alto"
5105309,"Luciara (MT)",14501,2077,698170.438131921,"Muito Alto"
5105507,"Vila Bela da Santíssima Trindade (MT)",41539,16128,257558.283730159,"Médio Baixo"
5105580,"Marcelândia (MT)",79592,10499,758091.246785408,"Muito Alto"
5105606,"Matupá (MT)",123132,16566,743281.419775444,"Muito Alto"
5105622,"Mirassol d'Oeste (MT)",191823,27739,691528.173329969,"Muito Alto"
5105903,"Nobres (MT)",114371,15336,745768.127282212,"Muito Alto"
5106000,"Nortelândia (MT)",39998,5989,667857.739188512,"Alto"
5106109,"Nossa Senhora do Livramento (MT)",34427,13216,260494.85472155,"Médio Baixo"
5106158,"Nova Bandeirantes (MT)",59889,15288,391738.618524333,"Médio Alto"
5106174,"Nova Nazaré (MT)",9545,3849,247986.489997402,"Médio Baixo"
5106182,"Nova Lacerda (MT)",25496,6640,383975.903614458,"Médio Alto"
5106190,"Nova Santa Helena (MT)",21758,3718,585207.100591716,"Alto"
5106208,"Nova Brasilândia (MT)",24487,3829,639514.233481327,"Alto"
5106216,"Nova Canaã do Norte (MT)",73793,12787,577093.923516071,"Alto"
5106224,"Nova Mutum (MT)",378052,45378,833117.369650491,"Muito Alto"
5106232,"Nova Olímpia (MT)",113928,20301,561194.029850746,"Alto"
5106240,"Nova Ubiratã (MT)",46871,11982,391178.434318144,"Médio Alto"
5106257,"Nova Xavantina (MT)",134939,21374,631323.10283522,"Alto"
5106265,"Novo Mundo (MT)",29576,9178,322248.855959904,"Médio Baixo"
5106273,"Novo Horizonte do Norte (MT)",17260,4004,431068.931068931,"Médio Alto"
5106281,"Novo São Joaquim (MT)",26244,5074,517225.068979109,"Alto"
5106299,"Paranaíta (MT)",75327,11225,671064.587973274,"Alto"
5106307,"Paranatinga (MT)",140191,22563,621331.383238045,"Alto"
5106315,"Novo Santo Antônio (MT)",9925,2640,375946.96969697,"Médio Alto"
5106372,"Pedra Preta (MT)",120131,17626,681555.656416657,"Muito Alto"
5106422,"Peixoto de Azevedo (MT)",214018,34976,611899.588289113,"Alto"
5106455,"Planalto da Serra (MT)",19976,2662,750413.223140496,"Muito Alto"
5106505,"Poconé (MT)",187799,32843,571808.300094388,"Alto"
5106653,"Pontal do Araguaia (MT)",36838,6711,548919.68410073,"Alto"
5106703,"Ponte Branca (MT)",8052,1576,510913.705583756,"Alto"
5106752,"Pontes e Lacerda (MT)",375584,45436,826622.061801215,"Muito Alto"
5106778,"Porto Alegre do Norte (MT)",59413,12517,474658.464488296,"Médio Alto"
5106802,"Porto dos Gaúchos (MT)",32984,5410,609685.767097967,"Alto"
5106828,"Porto Esperidião (MT)",42520,12017,353832.071232421,"Médio Alto"
5106851,"Porto Estrela (MT)",12226,2963,412622.342220722,"Médio Alto"
5107008,"Poxoréu (MT)",68062,16219,419643.627843887,"Médio Alto"
5107040,"Primavera do Leste (MT)",636509,62019,1026312.90411003,"Muito Alto"
5107065,"Querência (MT)",131364,17479,751553.292522455,"Muito Alto"
5107107,"São José dos Quatro Marcos (MT)",121167,18906,640891.780387179,"Alto"
5107156,"Reserva do Cabaçal (MT)",10933,2732,400183.016105417,"Médio Alto"
5107180,"Ribeirão Cascalheira (MT)",52337,10206,512806.192435822,"Alto"
5107198,"Ribeirãozinho (MT)",12291,2405,511060.291060291,"Alto"
5107206,"Rio Branco (MT)",29431,5156,570810.705973623,"Alto"
5107248,"Santa Carmem (MT)",28458,4525,628906.077348066,"Alto"
5107263,"Santo Afonso (MT)",15480,3146,492053.40114431,"Médio Alto"
5107297,"São José do Povo (MT)",11780,4063,289933.546640414,"Médio Baixo"
5107305,"São José do Rio Claro (MT)",66929,20664,323891.792489353,"Médio Baixo"
5107354,"São José do Xingu (MT)",14901,5595,266327.077747989,"Médio Baixo"
5107404,"São Pedro da Cipa (MT)",23970,4727,507086.947323884,"Alto"
5107578,"Rondolândia (MT)",7987,4001,199625.093726568,"Baixo"
5107602,"Rondonópolis (MT)",3900370,232491,1677643.43565987,"Muito Alto"
5107701,"Rosário Oeste (MT)",77041,17151,449192.46691155,"Médio Alto"
5107743,"Santa Cruz do Xingu (MT)",13463,2564,525078.003120125,"Alto"
5107750,"Salto do Céu (MT)",13795,3365,409955.423476969,"Médio Alto"
5107768,"Santa Rita do Trivelato (MT)",21686,3429,632429.279673374,"Alto"
5107776,"Santa Terezinha (MT)",21476,8371,256552.38322781,"Médio Baixo"
5107792,"Santo Antônio do Leste (MT)",16920,5174,327019.713954387,"Médio Baixo"
5107800,"Santo Antônio do Leverger (MT)",66518,16628,400036.083714217,"Médio Alto"
5107859,"São Félix do Araguaia (MT)",48551,11708,414682.268534335,"Médio Alto"
5107875,"Sapezal (MT)",228753,25881,883864.611104671,"Muito Alto"
5107883,"Serra Nova Dourada (MT)",9440,1650,572121.212121212,"Alto"
5107909,"Sinop (MT)",1392199,142996,973592.967635458,"Muito Alto"
5107925,"Sorriso (MT)",769699,90313,852257.150133425,"Muito Alto"
5107941,"Tabaporã (MT)",54223,9489,571430.076931183,"Alto"
5107958,"Tangará da Serra (MT)",811777,103750,782435.662650602,"Muito Alto"
5108006,"Tapurah (MT)",78806,13705,575016.417365925,"Alto"
5108055,"Terra Nova do Norte (MT)",63547,9667,657360.091031344,"Alto"
5108105,"Tesouro (MT)",9058,3805,238055.190538765,"Baixo"
5108204,"Torixoréu (MT)",23554,3609,652646.162371848,"Alto"
5108303,"União do Sul (MT)",24340,3525,690496.453900709,"Muito Alto"
5108352,"Vale de São Domingos (MT)",8289,3127,265078.349856092,"Médio Baixo"
5108402,"Várzea Grande (MT)",2683300,284971,941604.584326124,"Muito Alto"
5108501,"Vera (MT)",69141,11309,611380.31656203,"Alto"
5108600,"Vila Rica (MT)",117138,26037,449890.540384837,"Médio Alto"
5108808,"Nova Guarita (MT)",27483,4519,608165.523345873,"Alto"
5108857,"Nova Marilândia (MT)",22338,3278,681452.104942038,"Alto"
5108907,"Nova Maringá (MT)",22682,8641,262492.767040852,"Médio Baixo"
5108956,"Nova Monte Verde (MT)",46423,9178,505807.365439093,"Alto"
